processed_split,raw_split,image_relative_path,label_relative_path,image_sha256,annotation_count,class_ids,duplicate_group_id,leakage_group_id,inclusion_reason,exclusion_reason
,test,data/raw/gyu_det/v3/extracted/test/test/images/12326.jpg,,772df42cddc58b7f3b809a426c9e419fb83d350879e9c6067938af9d103afa55,,[],,,,UNLABELED_UNCLASSIFIED
,test,data/raw/gyu_det/v3/extracted/test/test/images/12363.jpg,,77f8ad7ed6de8fa92d28e4785d0a9a23586da15cfb6706cf6d0a3e2f43c4c9f8,,[],,,,UNLABELED_UNCLASSIFIED
,test,data/raw/gyu_det/v3/extracted/test/test/images/12376.jpg,,918ea02b64f3a304ed5bb514b1cc8e002dc5ca25e6358b343929b13be9d778ca,,[],,,,UNLABELED_UNCLASSIFIED
,test,data/raw/gyu_det/v3/extracted/test/test/images/12378.jpg,,cea5926752ca16f111beb5dc872af36ccffccab3a630d81391e1882792214fb2,,[],,,,UNLABELED_UNCLASSIFIED
,test,data/raw/gyu_det/v3/extracted/test/test/images/12381.jpg,,64371c3edc2b771b0a513bb3aecc6d070b4eb30b0ab6aa60c8e8c1844be8bd65,,[],,,,UNLABELED_UNCLASSIFIED
,test,data/raw/gyu_det/v3/extracted/test/test/images/12382.jpg,,36fb0a3a587fe0f1d870ed5b374cf2f9276538d77bbafe97286d6a9d3a129cbe,,[],,,,UNLABELED_UNCLASSIFIED
,test,data/raw/gyu_det/v3/extracted/test/test/images/12383.jpg,,a44a6179fb4963a3e6d511f09e1af4269cb8b02a16a8460d3cf698a3b23faac8,,[],,,,UNLABELED_UNCLASSIFIED
,test,data/raw/gyu_det/v3/extracted/test/test/images/12384.jpg,,40eecbd1a37d762ee6ae12bdd6b48164f41b4bdc3451bdda9a346c4bea4d5b9d,,[],,,,UNLABELED_UNCLASSIFIED
,test,data/raw/gyu_det/v3/extracted/test/test/images/12400.jpg,,003550cf38e4ae6fe8f77cef5c4e34bd70b8607735716ee65e2c6448111f71f1,,[],,,,UNLABELED_UNCLASSIFIED
,test,data/raw/gyu_det/v3/extracted/test/test/images/12402.jpg,,697f8b33d28dc3f6c0c22f884e1a1753289a84934d19d2345c5b6e8935a7828a,,[],,,,UNLABELED_UNCLASSIFIED
,test,data/raw/gyu_det/v3/extracted/test/test/images/12405.jpg,,3afb9ee15e9be26de9edf742b03ae7fafbd834d85d210fea2d7eb7b70e2847b7,,[],,,,UNLABELED_UNCLASSIFIED
,test,data/raw/gyu_det/v3/extracted/test/test/images/12419.jpg,,b9515fa66a1a75bec8c98fcefabbe95cdf710e98ee9e23e1f18c73f81aa94a8b,,[],,,,UNLABELED_UNCLASSIFIED
,test,data/raw/gyu_det/v3/extracted/test/test/images/12434.jpg,,abf69a3a6a848e051164aa72dc1501970869e211933f2da52a079254536baac3,,[],,,,UNLABELED_UNCLASSIFIED
,test,data/raw/gyu_det/v3/extracted/test/test/images/12436.jpg,,2ba855466d5b80a6e6d7d8e02574b7d77b10b526152d6f63d2ab7cbcb66c21b2,,[],,,,UNLABELED_UNCLASSIFIED
,test,data/raw/gyu_det/v3/extracted/test/test/images/12442.jpg,,8a73f27680bea610b7d0f53fba2ed0638b977d443fbea695d10f9019ede032df,,[],,,,UNLABELED_UNCLASSIFIED
,test,data/raw/gyu_det/v3/extracted/test/test/images/12444.jpg,,4162d275809d6ef1de2002351d2b091dfa41c41bf918317d8852599b89efcdcf,,[],,,,UNLABELED_UNCLASSIFIED
,test,data/raw/gyu_det/v3/extracted/test/test/images/12450.jpg,,9d168adccac4a5071b7b307885ca2f9bc3cde45deb71d78d701918f2f726fbb0,,[],,,,UNLABELED_UNCLASSIFIED
,test,data/raw/gyu_det/v3/extracted/test/test/images/12454.jpg,,165812be98351c9d2d0107ee4838766c87244c8f374c1cde2a408f75cd19d083,,[],,,,UNLABELED_UNCLASSIFIED
,test,data/raw/gyu_det/v3/extracted/test/test/images/12455.jpg,,0f41245ad173c022aeafbdb2f6be48b3a19fe55bcb0a244cea6de41c2880a14f,,[],,,,UNLABELED_UNCLASSIFIED
,test,data/raw/gyu_det/v3/extracted/test/test/images/12464.jpg,,d4ef0dc7fa3312d862eacdb95dcf9800fd5fe980e3687a74a2e0163ba5ceee5e,,[],,,,UNLABELED_UNCLASSIFIED
,test,data/raw/gyu_det/v3/extracted/test/test/images/12478.jpg,,35b5ad523b31f84afb98d74b176db2c1e5b66b167c9afc414513e5c2656401eb,,[],,,,UNLABELED_UNCLASSIFIED
,test,data/raw/gyu_det/v3/extracted/test/test/images/12480.jpg,,bb86e36f16d51c9e2a59f52624296aedec6817c71cebbc9753a6d683e41f6006,,[],,,,UNLABELED_UNCLASSIFIED
,test,data/raw/gyu_det/v3/extracted/test/test/images/12485.jpg,,f6ec434181f7ef14e9ca6ba2f04baa7d633131d25461bba9f7010004e122afa4,,[],,,,UNLABELED_UNCLASSIFIED
,test,data/raw/gyu_det/v3/extracted/test/test/images/12498.jpg,,d0558735e3f3ce14fcf3f267febe740fcefd8562468ce054ca134db655d46d01,,[],,,,UNLABELED_UNCLASSIFIED
,test,data/raw/gyu_det/v3/extracted/test/test/images/12501.jpg,,95ab2c2a011e29b88b1f6ac76d1cb2824d89ae49f02d6234d6e72dbf2adcff2d,,[],,,,UNLABELED_UNCLASSIFIED
,test,data/raw/gyu_det/v3/extracted/test/test/images/12506.jpg,,1ed83aa5fe5e9489e9e0cfc584bc29c9bf34cf4fc0885a734986f8c27f37bbba,,[],,,,UNLABELED_UNCLASSIFIED
,test,data/raw/gyu_det/v3/extracted/test/test/images/12508.jpg,,21d819cd4ca9b15cd5fcacf6c59e2c8de3a5d9a1ebe6ef643f2fc67c6b1b8778,,[],,,,UNLABELED_UNCLASSIFIED
,test,data/raw/gyu_det/v3/extracted/test/test/images/12514.jpg,,de84989d2b3342a81d0da7b55608158c901519ac7e8eaf40af71c3bd24e84ab2,,[],,,,UNLABELED_UNCLASSIFIED
,test,data/raw/gyu_det/v3/extracted/test/test/images/12520.jpg,,acc21b5c6881502077812dd6764314db68467f456b427847e18a883251f92643,,[],,,,UNLABELED_UNCLASSIFIED
,test,data/raw/gyu_det/v3/extracted/test/test/images/12532.jpg,,d9513c494764ea2d40fe1631b1ac14c0472610944a8c036bea235164a9d2b71c,,[],,,,UNLABELED_UNCLASSIFIED
,test,data/raw/gyu_det/v3/extracted/test/test/images/12539.jpg,,df98289edbb8bb2cc17e5bb68702ad864c55660d375ff7814e47dd33ff701f0e,,[],,,,UNLABELED_UNCLASSIFIED
,test,data/raw/gyu_det/v3/extracted/test/test/images/12540.jpg,,ab66f362d2fa701f87a8811c3f1203dc1b3b28c86c677448ef303a16f2db9ec9,,[],,,,UNLABELED_UNCLASSIFIED
,test,data/raw/gyu_det/v3/extracted/test/test/images/12548.jpg,,138f5a8d64f802a44330d8150635734ca8e1796e9e174bd771a96f1dd17b2637,,[],,,,UNLABELED_UNCLASSIFIED
,test,data/raw/gyu_det/v3/extracted/test/test/images/12563.jpg,,12a9c723311984b31ac3249df6cb86d4dfff95e78a5a8d79853b5d6f992690c8,,[],,,,UNLABELED_UNCLASSIFIED
,test,data/raw/gyu_det/v3/extracted/test/test/images/12580.jpg,,8f6287ad28aba7fe973cf0a95768fa1b24c448077dd1cc5b42db027811039264,,[],,,,UNLABELED_UNCLASSIFIED
,test,data/raw/gyu_det/v3/extracted/test/test/images/12611.jpg,,6eb26cd015b9f3bd79087d1e048e6785154b47ae02a9ff248db43c3c7f4071f3,,[],,,,UNLABELED_UNCLASSIFIED
,test,data/raw/gyu_det/v3/extracted/test/test/images/12621.jpg,,0202d439ece801a9eca82063aea22e00204d75c68bf85156ac7cbd2698fb560d,,[],,,,UNLABELED_UNCLASSIFIED
,test,data/raw/gyu_det/v3/extracted/test/test/images/12643.jpg,,986cb3e27f42cb74ed6f6e05693a3f7aecaa69ea1f6f3ecb65ce6c65259a933d,,[],,,,UNLABELED_UNCLASSIFIED
,test,data/raw/gyu_det/v3/extracted/test/test/images/12653.jpg,,0ba4087e93d5c7523638eca335c2bd6d19021c8178b11d86cc852a40c8bc91ac,,[],,,,UNLABELED_UNCLASSIFIED
,test,data/raw/gyu_det/v3/extracted/test/test/images/12663.jpg,,e2fa127fbf357c04863f8f5aae6f154793dc82d7eb3e3718d706050b07806662,,[],,,,UNLABELED_UNCLASSIFIED
,test,data/raw/gyu_det/v3/extracted/test/test/images/12670.jpg,,992dbc502d0e8c267344446aadce9bf4bdfdd5a166136bb59f29f8a6d14e55d5,,[],,,,UNLABELED_UNCLASSIFIED
,test,data/raw/gyu_det/v3/extracted/test/test/images/12673.jpg,,e04bb3698ca2c1d80602d537489c835b9dad66473bbee0477e80011a8227c64e,,[],,,,UNLABELED_UNCLASSIFIED
,test,data/raw/gyu_det/v3/extracted/test/test/images/12684.jpg,,8f9cbb29aa30f4c6b09e437144d7c03b5dd967d68d5fc9019bb53e501b9a08a2,,[],,,,UNLABELED_UNCLASSIFIED
,test,data/raw/gyu_det/v3/extracted/test/test/images/12689.jpg,,83ce8c837f8582f8614ceae7596301818c96c1fe5d663804b97fb89550e7d15b,,[],,,,UNLABELED_UNCLASSIFIED
,test,data/raw/gyu_det/v3/extracted/test/test/images/7196.JPG,,8be091f3fb6bab916cb844c07c34d377b5ec4a4707cda7b7a7403b5663e8f986,,[],,,,UNLABELED_UNCLASSIFIED
,test,data/raw/gyu_det/v3/extracted/test/test/images/7288.JPG,,1672cda3b129e91d5c0535c8fb0b3b737cddf3078d68be38904e3a6447cb9b2e,,[],,,,UNLABELED_UNCLASSIFIED
,test,data/raw/gyu_det/v3/extracted/test/test/images/7290.JPG,,121d7bfa913485bc016542d9854f5aa8c4a54c0cb2cb25c1a99921b74d01663c,,[],,,,UNLABELED_UNCLASSIFIED
,test,data/raw/gyu_det/v3/extracted/test/test/images/7295.JPG,,c13a1d6f51900f2c33d4e6e1a69ef8d8a7e4ddcb3abd753300d5bc90e6279c15,,[],,,,UNLABELED_UNCLASSIFIED
,test,data/raw/gyu_det/v3/extracted/test/test/images/7343.jpg,,c334369ef13105b013b189fbb7ef5f79aac6f7e20100bba0a507a0a5efadadf0,,[],,,,UNLABELED_UNCLASSIFIED
,test,data/raw/gyu_det/v3/extracted/test/test/images/7355.JPG,,c064c33585d1a95dc3123b66e80a7fc815742fd11ebb22839c15796ade56ffd5,,[],,,,UNLABELED_UNCLASSIFIED
,test,data/raw/gyu_det/v3/extracted/test/test/images/7366.JPG,,937c936522c547a31242984fa8e2814364aa927137cc9b921889e5eb1d54be14,,[],,,,UNLABELED_UNCLASSIFIED
,test,data/raw/gyu_det/v3/extracted/test/test/images/7454.jpg,,b97a5ed0413cded63d02701ea0aea8eb4368fb51d5ed34d11c7d95c5c059ac07,,[],,,,UNLABELED_UNCLASSIFIED
,test,data/raw/gyu_det/v3/extracted/test/test/images/7521.JPG,,ec693159e906a3d967b4bf1cdb67e26d43d1d4ed9e5d78a305c64c17f044484a,,[],,,,UNLABELED_UNCLASSIFIED
,test,data/raw/gyu_det/v3/extracted/test/test/images/7530.JPG,,418718a2fc3febc1463c5e76b5d9e42ad253aac152f91f3444e6af734d408bd4,,[],,,,UNLABELED_UNCLASSIFIED
,test,data/raw/gyu_det/v3/extracted/test/test/images/7661.JPG,,03f900cc89e1cb28ace31cfeb38d7184b13a2faa4469f9cfe867edc810e2476e,,[],,,,UNLABELED_UNCLASSIFIED
,test,data/raw/gyu_det/v3/extracted/test/test/images/7670.JPG,,79ce79f4188d4a9dcba228c1b0db70270ea115ca241f50cbaf6e0167e8925787,,[],,,,UNLABELED_UNCLASSIFIED
,test,data/raw/gyu_det/v3/extracted/test/test/images/7671.JPG,,983be62bf4832c59f93c9ee5037cb72c770edfb3ab782b646321262ad1e8ba8a,,[],,,,UNLABELED_UNCLASSIFIED
,test,data/raw/gyu_det/v3/extracted/test/test/images/7789.JPG,,c611161b6b74aebfa9c38dc3a7c8d3e606d64d8fefab4292cf14de85390613f6,,[],,,,UNLABELED_UNCLASSIFIED
,test,data/raw/gyu_det/v3/extracted/test/test/images/7812.JPG,,42a22f4274f5c3d51b6474f8cd50625bcb5b09cfdfeadece713b93cdec75b8d8,,[],,,,UNLABELED_UNCLASSIFIED
,test,data/raw/gyu_det/v3/extracted/test/test/images/7823.JPG,,2a9449461b60e0619be771af708617e45c088a71691b02bd3bb2ae7e4f7c15b8,,[],,,,UNLABELED_UNCLASSIFIED
,train,data/raw/gyu_det/v3/extracted/train/train/images/10003.jpg,,2dd3b7cedc38bd04dbe1192b185e072986e0b3cbadcc00508df541a11f8a721e,,[],,,,UNLABELED_UNCLASSIFIED
,train,data/raw/gyu_det/v3/extracted/train/train/images/10016.jpg,,930837f05fac81245de6e8e28830ecbf06f2125267e7abd0b942afd7dc97af8d,,[],,,,UNLABELED_UNCLASSIFIED
,train,data/raw/gyu_det/v3/extracted/train/train/images/10025.jpg,,cfa8fe315b921f8647394c376ea69687b1ca6c25267942dae606980e502d66c9,,[],,,,UNLABELED_UNCLASSIFIED
,train,data/raw/gyu_det/v3/extracted/train/train/images/10032.jpg,,5df43352de60f1d57aae1a6a89b6debcbd55cc8709cc3c2772bf1611be968080,,[],,,,UNLABELED_UNCLASSIFIED
,train,data/raw/gyu_det/v3/extracted/train/train/images/10043.jpg,,02144145a7bf04447eb134dc8cd09db27dcb25375c727b61ecadb2f06db585b9,,[],,,,UNLABELED_UNCLASSIFIED
,train,data/raw/gyu_det/v3/extracted/train/train/images/10045.jpg,,54fc7d266fb5956b234c9518f02b14adc76d8ae8e6ca60b49ed01fb903aeb8e3,,[],,,,UNLABELED_UNCLASSIFIED
,train,data/raw/gyu_det/v3/extracted/train/train/images/10073.jpg,,f174e353d1a5fe2834eec39cecff48eb3a23fa5a6c5a6b5392f6f847d5f80e58,,[],,,,UNLABELED_UNCLASSIFIED
,train,data/raw/gyu_det/v3/extracted/train/train/images/10086.jpg,,7770622e80df1a77a0c5085f646ae5729fdb26d644f85d472478ff6c2bbee708,,[],,,,UNLABELED_UNCLASSIFIED
,train,data/raw/gyu_det/v3/extracted/train/train/images/10088.jpg,,03061a0c52a3e376221a90433d65ebdd37c11b077dc1c18e8d5b8f06bf3516b6,,[],,,,UNLABELED_UNCLASSIFIED
,train,data/raw/gyu_det/v3/extracted/train/train/images/10090.jpg,,c75081ab76554b32bc1eadcbe164df3e30fbd0fc76a4c0352cf422150acbd28d,,[],,,,UNLABELED_UNCLASSIFIED
,train,data/raw/gyu_det/v3/extracted/train/train/images/10096.jpg,,dd9167ba841772c2f67323fef3408e7e22d3a373561a1fd9d7ba6ab05116de35,,[],,,,UNLABELED_UNCLASSIFIED
,train,data/raw/gyu_det/v3/extracted/train/train/images/10100.jpg,,b3566a6b09335654de38278cdf1c4cd8e7825d2827ea55c9760d93b7e0b311ee,,[],,,,UNLABELED_UNCLASSIFIED
,train,data/raw/gyu_det/v3/extracted/train/train/images/10102.jpg,,8e3f412a839aef94ebce278d7e39969b1069ef919fb7b7a52070a9c8571d4ea2,,[],,,,UNLABELED_UNCLASSIFIED
,train,data/raw/gyu_det/v3/extracted/train/train/images/10110.jpg,,9e997d9cb6800d4cf465568709fdaaeccf6bca21002f96f7d7825e5c1dd7033a,,[],,,,UNLABELED_UNCLASSIFIED
,train,data/raw/gyu_det/v3/extracted/train/train/images/10130.jpg,,c3af9f02376a5fd28f190728f64ef41f066cb31f7e0f5a42b4a2bc198f967896,,[],,,,UNLABELED_UNCLASSIFIED
,train,data/raw/gyu_det/v3/extracted/train/train/images/10142.jpg,,f252f8a2addc4f5b590c8a386d1a0681e01e0efc717647a4843b5a36350faf68,,[],,,,UNLABELED_UNCLASSIFIED
,train,data/raw/gyu_det/v3/extracted/train/train/images/10144.jpg,,9b0191270096a3a4b9d871ebf7535072ebe506b2f046e9dc706761a3c5125d59,,[],,,,UNLABELED_UNCLASSIFIED
,train,data/raw/gyu_det/v3/extracted/train/train/images/10150.jpg,,53ab369b4ed6a28eaec365b6a9925d27ad54364559e6d8a28502bc31a6abf908,,[],,,,UNLABELED_UNCLASSIFIED
,train,data/raw/gyu_det/v3/extracted/train/train/images/10151.jpg,,9895d40a0d488eb4659fff80d669ade94c68c07792279bc9337a249f6becdd1f,,[],,,,UNLABELED_UNCLASSIFIED
,train,data/raw/gyu_det/v3/extracted/train/train/images/10162.jpg,,ac3e9b42bd35dc376d2fa23df78e50621d1ebaca711a1538fb62d7aa44906a7e,,[],,,,UNLABELED_UNCLASSIFIED
,train,data/raw/gyu_det/v3/extracted/train/train/images/10181.jpg,,0051c8233c36fb6dc02e4718a3b875f2a44e8df0a51e5bf80b4da46bdff313e4,,[],,,,UNLABELED_UNCLASSIFIED
,train,data/raw/gyu_det/v3/extracted/train/train/images/10198.jpg,,19f885443145f54478b9209cf0f9556356c668b74141e87dece971fb69389240,,[],,,,UNLABELED_UNCLASSIFIED
,train,data/raw/gyu_det/v3/extracted/train/train/images/10239.jpg,,5b6f1f7b5251d04803d36fdcfc4f068aa5746267393b827467345c26eeb418ad,,[],,,,UNLABELED_UNCLASSIFIED
,train,data/raw/gyu_det/v3/extracted/train/train/images/10241.jpg,,4a21e05117ec626fb04bef56f7520ad522fd9c1c230b2fd3a4c34a3e71854fc8,,[],,,,UNLABELED_UNCLASSIFIED
,train,data/raw/gyu_det/v3/extracted/train/train/images/10249.jpg,,c6f769821458610d94ece2ef30cc7559802d6590d5044908c2131c33c4d170ea,,[],,,,UNLABELED_UNCLASSIFIED
,train,data/raw/gyu_det/v3/extracted/train/train/images/10250.jpg,,7c57161b12a7a7c5e9c8b9629d4016b37d0a297c97fb516e32631fed2b2759b5,,[],,,,UNLABELED_UNCLASSIFIED
,train,data/raw/gyu_det/v3/extracted/train/train/images/10270.jpg,,8a869e26bc0f8ad671e93de0138939e57c8a8cadaab6d33bc787890de135b001,,[],,,,UNLABELED_UNCLASSIFIED
,train,data/raw/gyu_det/v3/extracted/train/train/images/10279.jpg,,a653e3dc8dec9bfd7c4a0b5627d6239d235fe6dd5065c4417aba537090a18021,,[],,,,UNLABELED_UNCLASSIFIED
,train,data/raw/gyu_det/v3/extracted/train/train/images/10289.jpg,,37ec6382205cac3b2ef7e8eb762b007eb43ecd2d5d47dff4151e7389edad0849,,[],,,,UNLABELED_UNCLASSIFIED
,train,data/raw/gyu_det/v3/extracted/train/train/images/10290.jpg,,1423ba494f5ea84daca80d96049d1a3273f2c41a518166321cbfe73b1f459a9f,,[],,,,UNLABELED_UNCLASSIFIED
,train,data/raw/gyu_det/v3/extracted/train/train/images/10302.jpg,,caeb52ee4b53f8226a0dc381220215ea2880acbfdad6e360ebed801a4b146934,,[],,,,UNLABELED_UNCLASSIFIED
,train,data/raw/gyu_det/v3/extracted/train/train/images/10329.jpg,,0a693033f88336a8354233b29ed3173c79f78920dedc4de5b7d658c546788ab3,,[],,,,UNLABELED_UNCLASSIFIED
,train,data/raw/gyu_det/v3/extracted/train/train/images/10331.jpg,,1a481e6f790667903d24296fcc0231de36f4b979b1eab1ec464ee907aee5b8d5,,[],,,,UNLABELED_UNCLASSIFIED
,train,data/raw/gyu_det/v3/extracted/train/train/images/10338.jpg,,3fc3d1e997615729551c11bd14438dcd05bff9ec722f89f9d5673ee3833a8df8,,[],,,,UNLABELED_UNCLASSIFIED
,train,data/raw/gyu_det/v3/extracted/train/train/images/10341.jpg,,9607003197b2e5e48ec4772fbbb05eeaedd0d1caf502eacae9cd053ff23b2df8,,[],,,,UNLABELED_UNCLASSIFIED
,train,data/raw/gyu_det/v3/extracted/train/train/images/10347.jpg,,f89870d0a9f5b4b2a0773a9f89a0005ee9fc54b4f5ad5b493537453b0cc473a0,,[],,,,UNLABELED_UNCLASSIFIED
,train,data/raw/gyu_det/v3/extracted/train/train/images/10349.jpg,,b1c1d33823188005b8a975fbe4d0da7f8b5db8c4f603f6edbbcb294cdb1a7030,,[],,,,UNLABELED_UNCLASSIFIED
,train,data/raw/gyu_det/v3/extracted/train/train/images/10359.jpg,,19796a3c4a7aa34be4572332f57a0ca338e770a8a1c498b60addc77cb56befa8,,[],,,,UNLABELED_UNCLASSIFIED
,train,data/raw/gyu_det/v3/extracted/train/train/images/10371.jpg,,89d5b8903b8dfb34d3d01bca972ec846693998e0a278bcd603b0870a0b4ba73b,,[],,,,UNLABELED_UNCLASSIFIED
,train,data/raw/gyu_det/v3/extracted/train/train/images/10374.jpg,,4e171f7fad2ded7729826af968a5e35a84f5d3fa3e80d98726aab42b4647ce45,,[],,,,UNLABELED_UNCLASSIFIED
,train,data/raw/gyu_det/v3/extracted/train/train/images/10377.jpg,,db8398dfb13df7c3d94e65852d1c82a3d2e4b9247a45d6dc456c60009b2f5686,,[],,,,UNLABELED_UNCLASSIFIED
,train,data/raw/gyu_det/v3/extracted/train/train/images/10384.jpg,,8fff266420f208e965b1bb86e205ac31c1533884bc815721c60b4533931c3afa,,[],,,,UNLABELED_UNCLASSIFIED
,train,data/raw/gyu_det/v3/extracted/train/train/images/10386.jpg,,e4fb8ee5ae84c7e4f4382413d3b6dfc12f58bd7173d02d3690a60131bc7af15d,,[],,,,UNLABELED_UNCLASSIFIED
,train,data/raw/gyu_det/v3/extracted/train/train/images/10390.jpg,,a707f7c4c588150775434603b2b2cc357edcc2bf66407b7a0db07532bb089be3,,[],,,,UNLABELED_UNCLASSIFIED
,train,data/raw/gyu_det/v3/extracted/train/train/images/10410.jpg,,811b4890ebfedf60e3bfd09ec4014ba30831f20860c5583f7033dfa70b5bf06d,,[],,,,UNLABELED_UNCLASSIFIED
,train,data/raw/gyu_det/v3/extracted/train/train/images/10414.jpg,,aa8fc205abe4999ea4e88f158e0d88f4d44f6cac6ca2f1594e1ca817bab61c2c,,[],,,,UNLABELED_UNCLASSIFIED
,train,data/raw/gyu_det/v3/extracted/train/train/images/10416.jpg,,f32a1a6c73f3cb48dd121896c59ca6f3e23f7226d0cd684c5fc7a338b7a212eb,,[],,,,UNLABELED_UNCLASSIFIED
,train,data/raw/gyu_det/v3/extracted/train/train/images/10419.jpg,,046116acda09604f8c9148134a75f113abec4d40109200f74dd7d9c24df5780b,,[],,,,UNLABELED_UNCLASSIFIED
,train,data/raw/gyu_det/v3/extracted/train/train/images/10421.jpg,,688f60457f96ecabad873ab9692360202584f0d32fb54330e046f623a616134f,,[],,,,UNLABELED_UNCLASSIFIED
,train,data/raw/gyu_det/v3/extracted/train/train/images/10439.jpg,,ae02f6285b063db23e29b0393b7961fefc666d7a2356b6e0fe2ec5e654b951d4,,[],,,,UNLABELED_UNCLASSIFIED
,train,data/raw/gyu_det/v3/extracted/train/train/images/10448.jpg,,6583e06ead1fa309ad9ab01cc617d2826e754a6861ccfbbdcf6bed8b779f769e,,[],,,,UNLABELED_UNCLASSIFIED
,train,data/raw/gyu_det/v3/extracted/train/train/images/10453.jpg,,9b0f3af567447e7028767bdd88fe06cca0a11a5ab2d37d15e5642b667853f473,,[],,,,UNLABELED_UNCLASSIFIED
,train,data/raw/gyu_det/v3/extracted/train/train/images/10462.jpg,,06a5a7e9315949734603cd0626c1ac2df2c10fd54d775b171dc8cdb31f424514,,[],,,,UNLABELED_UNCLASSIFIED
,train,data/raw/gyu_det/v3/extracted/train/train/images/10463.jpg,,04eea93d1c4f05ad79e27090d11a608a2bc763e061d03eff37384b7a563d3504,,[],,,,UNLABELED_UNCLASSIFIED
,train,data/raw/gyu_det/v3/extracted/train/train/images/10480.jpg,,9ea2518618fe09fa78505eed66c2904e9401bbd85e0ef773da084981851a1193,,[],,,,UNLABELED_UNCLASSIFIED
,train,data/raw/gyu_det/v3/extracted/train/train/images/10483.jpg,,3c2aba8cc5c7a1236bf7e6141592df32400817271dc673f2bc846508b4c2d005,,[],,,,UNLABELED_UNCLASSIFIED
,train,data/raw/gyu_det/v3/extracted/train/train/images/10496.jpg,,f12e84d85efc5f540c86316b730de7384213fdaa222c32a868bc7f5be90d8cc4,,[],,,,UNLABELED_UNCLASSIFIED
,train,data/raw/gyu_det/v3/extracted/train/train/images/10500.jpg,,72188a00bd3ea4689d553a9530c9f95a6d7d2ca0d24357166a0ac18f6a4ac8c0,,[],,,,UNLABELED_UNCLASSIFIED
,train,data/raw/gyu_det/v3/extracted/train/train/images/10505.jpg,,51a2721814ecd7a1af50beec6e82e8461228b3f5cae57d58d508bdd0bb8f8ebe,,[],,,,UNLABELED_UNCLASSIFIED
,train,data/raw/gyu_det/v3/extracted/train/train/images/10516.jpg,,7c9dec1d6971328847b01a2d1108d67de61c09bfe81f00c9ab67d3bbf7f4e3d2,,[],,,,UNLABELED_UNCLASSIFIED
,train,data/raw/gyu_det/v3/extracted/train/train/images/10523.jpg,,13f6bec0aac0e5aaf2bb4dff069606389ac62ce1adec6e438556df847ac1377b,,[],,,,UNLABELED_UNCLASSIFIED
,train,data/raw/gyu_det/v3/extracted/train/train/images/10524.jpg,,877255331bf3bd1b728e3037d6cb35dff666c1aad989733ea286762829e8382f,,[],,,,UNLABELED_UNCLASSIFIED
,train,data/raw/gyu_det/v3/extracted/train/train/images/10528.jpg,,23ed25812f3cf52fbbc8ac4ec9a3ea33304f10a85850ff9e2a1326d1be0ce74a,,[],,,,UNLABELED_UNCLASSIFIED
,train,data/raw/gyu_det/v3/extracted/train/train/images/10541.jpg,,208c67b1d86ea63ddf8f02503230efeed1d2b8067bce5f0ea0f7d1423b02c3e5,,[],,,,UNLABELED_UNCLASSIFIED
,train,data/raw/gyu_det/v3/extracted/train/train/images/10545.jpg,,5a09aeef5318c419e2719d17f9bc8d6d8f2113fbaa8341c1c7723adc4181a662,,[],,,,UNLABELED_UNCLASSIFIED
,train,data/raw/gyu_det/v3/extracted/train/train/images/10576.jpg,,4b28d486388ac8b35b7f20fe014c26a2bc2798b7b6bf7ea646f4b2126e89f082,,[],,,,UNLABELED_UNCLASSIFIED
,train,data/raw/gyu_det/v3/extracted/train/train/images/10588.jpg,,033248d061c411f2a76563dbb76544b77f699241e765613e23d9ab06c169441a,,[],,,,UNLABELED_UNCLASSIFIED
,train,data/raw/gyu_det/v3/extracted/train/train/images/10602.jpg,,076e51e6ffe3651e8507bbf811f22a6823db6295f86a861779c6ca50109dbc28,,[],,,,UNLABELED_UNCLASSIFIED
,train,data/raw/gyu_det/v3/extracted/train/train/images/10605.jpg,,0b2c399b3378ef2f38f94ade49454d2909c62e42b953af38124f9112c379a447,,[],,,,UNLABELED_UNCLASSIFIED
,train,data/raw/gyu_det/v3/extracted/train/train/images/10607.jpg,,733cb17a364299f6340e91044a4fffb9f03c58f5aab0e1f86ee3c36fbf41f5e0,,[],,,,UNLABELED_UNCLASSIFIED
,train,data/raw/gyu_det/v3/extracted/train/train/images/10616.jpg,,5d0f946563ce771da6569cb36cb5689765ec18079c60e365d75bde3f57be2d4e,,[],,,,UNLABELED_UNCLASSIFIED
,train,data/raw/gyu_det/v3/extracted/train/train/images/10618.jpg,,53a073d0ca35cd25b2147fa0c5829075e3c7349e853298fe0c9186d7345e7171,,[],,,,UNLABELED_UNCLASSIFIED
,train,data/raw/gyu_det/v3/extracted/train/train/images/10643.jpg,,4437821c20acae2f562cf96b2cea76aa17b67bc4a1ca3f03910d83d3fe36227c,,[],,,,UNLABELED_UNCLASSIFIED
,train,data/raw/gyu_det/v3/extracted/train/train/images/10646.jpg,,fc5fbb8ad0f308fd67c57fe2e9b811e477f096e563a4e875735d56c653440fd3,,[],,,,UNLABELED_UNCLASSIFIED
,train,data/raw/gyu_det/v3/extracted/train/train/images/10650.jpg,,b53e199fa0d198d3f532a8719e075d91f282265b68dd3ede0740dec718b2e87b,,[],,,,UNLABELED_UNCLASSIFIED
,train,data/raw/gyu_det/v3/extracted/train/train/images/10658.jpg,,36ecbee0c637ad3988f0a013a67382797c4dcb3c68996c4f5bf173da78f6af3c,,[],,,,UNLABELED_UNCLASSIFIED
,train,data/raw/gyu_det/v3/extracted/train/train/images/10661.jpg,,7a1b512df50f2d26323ef2c7e45b98b9613307c93b053d08d7f227e2ae19ce53,,[],,,,UNLABELED_UNCLASSIFIED
,train,data/raw/gyu_det/v3/extracted/train/train/images/10662.jpg,,69621d0521ad50dc2fd09261e0b5a94ad68bd246be002f7c6f11b558668976ee,,[],,,,UNLABELED_UNCLASSIFIED
,train,data/raw/gyu_det/v3/extracted/train/train/images/10671.jpg,,9acfcbaff3aa0e97aa02bb1234c4f402942f75cf63eb18986548ebc0d8a36071,,[],,,,UNLABELED_UNCLASSIFIED
,train,data/raw/gyu_det/v3/extracted/train/train/images/10675.jpg,,d2322aaf328fa93768e8a9b53d2c02aee82bccccdcba81a6edb3c28e4d289305,,[],,,,UNLABELED_UNCLASSIFIED
,train,data/raw/gyu_det/v3/extracted/train/train/images/10701.jpg,,a39ebfcf73ae0629630f2a910ffb8875e91e67108a06341d0a0c3565407b522a,,[],,,,UNLABELED_UNCLASSIFIED
,train,data/raw/gyu_det/v3/extracted/train/train/images/10707.jpg,,38c85a2414170f8b56bdf157d226e0817e1cf29bdd90447f61bf7f7b159ad9e2,,[],,,,UNLABELED_UNCLASSIFIED
,train,data/raw/gyu_det/v3/extracted/train/train/images/10720.jpg,,151b8308fb63123f05869eea5201641ae9cb7fb4a01a73b7e194489e90d55257,,[],,,,UNLABELED_UNCLASSIFIED
,train,data/raw/gyu_det/v3/extracted/train/train/images/10734.jpg,,71ff36db0033f07d3b7085b191acdabbfb5c4d7ab8043ef2b6b55f5ce771f271,,[],,,,UNLABELED_UNCLASSIFIED
,train,data/raw/gyu_det/v3/extracted/train/train/images/10735.jpg,,4ba9406585db2a4545773667a9b007a650c41e31a867e64129344e0d5ae1af09,,[],,,,UNLABELED_UNCLASSIFIED
,train,data/raw/gyu_det/v3/extracted/train/train/images/10750.jpg,,8f2c499acebb362440c4d60d31c33c4f6824e2b8cb872e4661ba15803b550237,,[],,,,UNLABELED_UNCLASSIFIED
,train,data/raw/gyu_det/v3/extracted/train/train/images/10773.jpg,,21af5381ca5d306491483b8f387f9a669cb1b171294fac88951afe5fdab21a40,,[],,,,UNLABELED_UNCLASSIFIED
,train,data/raw/gyu_det/v3/extracted/train/train/images/10779.jpg,,56062cfbc63d1c0862b7e0a9b145c4e250ae0d7be9ba019e461e73ae32d3cb46,,[],,,,UNLABELED_UNCLASSIFIED
,train,data/raw/gyu_det/v3/extracted/train/train/images/10781.jpg,,85cb88135380aa23db1d45f834689cfbc8f23f414c66f87ee91af8e44ed010b3,,[],,,,UNLABELED_UNCLASSIFIED
,train,data/raw/gyu_det/v3/extracted/train/train/images/10807.jpg,,d9348c7f9f16c8b839d99ba82b38af9eb74a5b409f8404f2f93427e153a5a101,,[],,,,UNLABELED_UNCLASSIFIED
,train,data/raw/gyu_det/v3/extracted/train/train/images/10823.jpg,,37337d0d414723ae092fe83903826be951e8c1ea8e15d2250404608cefca431a,,[],,,,UNLABELED_UNCLASSIFIED
,train,data/raw/gyu_det/v3/extracted/train/train/images/10827.jpg,,228aa41e8d2b83dcb87fcb23d87fdbdd5ee50846128861382ab4c0bd598fe0af,,[],,,,UNLABELED_UNCLASSIFIED
,train,data/raw/gyu_det/v3/extracted/train/train/images/10833.jpg,,f6ad2b5d5654ade9d9be346cd2e717aadaffc29f4a7e63af97b456575cc854c8,,[],,,,UNLABELED_UNCLASSIFIED
,train,data/raw/gyu_det/v3/extracted/train/train/images/10838.jpg,,26bd6fb5bcfc29a3ce52d67a0dac4f72de2960bdbdfa24cf2dc16da73f394a81,,[],,,,UNLABELED_UNCLASSIFIED
,train,data/raw/gyu_det/v3/extracted/train/train/images/10845.jpg,,b189094b8da1d04169f8ed12e93a29cff0fb0c58251efd09f8585c26c0aa561e,,[],,,,UNLABELED_UNCLASSIFIED
,train,data/raw/gyu_det/v3/extracted/train/train/images/10850.jpg,,4f5f25820b157c9555af22d1b94daa3200b6643c43775daffc24c19399fd9873,,[],,,,UNLABELED_UNCLASSIFIED
,train,data/raw/gyu_det/v3/extracted/train/train/images/10853.jpg,,53c467deb21608c0c53c0b0b3633206a5eb10ea0866bd310479e8c8acdecc296,,[],,,,UNLABELED_UNCLASSIFIED
,train,data/raw/gyu_det/v3/extracted/train/train/images/10858.jpg,,ca440487ba781d1804794851a7c5fbf4a615b52b95e0fc1d19d908e69cb92440,,[],,,,UNLABELED_UNCLASSIFIED
,train,data/raw/gyu_det/v3/extracted/train/train/images/10900.jpg,,60260c2dad6931f908c267dc6274124ee6319d4838b1ba0d2a2254f42c2fb93c,,[],,,,UNLABELED_UNCLASSIFIED
,train,data/raw/gyu_det/v3/extracted/train/train/images/10905.jpg,,48aa3ed5d6fa76673bdb35dc790f4c6a08cd272e3eaf859b0a8e5c55641da90e,,[],,,,UNLABELED_UNCLASSIFIED
,train,data/raw/gyu_det/v3/extracted/train/train/images/10939.jpg,,031f1bfb7834d931c00cc2c8267d1d65482910976df2188c5ef178a280608e32,,[],,,,UNLABELED_UNCLASSIFIED
,train,data/raw/gyu_det/v3/extracted/train/train/images/10955.jpg,,51ab465b2d242024f8165f8c33e5d7b64d6f95feaf81d8ad9779c2473be1a83a,,[],,,,UNLABELED_UNCLASSIFIED
,train,data/raw/gyu_det/v3/extracted/train/train/images/10965.jpg,,797c0ea3a3312aabc2b4085d420069635e28a0ba51200c6f598c439ebba64abf,,[],,,,UNLABELED_UNCLASSIFIED
,train,data/raw/gyu_det/v3/extracted/train/train/images/10981.jpg,,1db53a5cd1de3e4a6a090d28226e5439ff745475e28ad5e23b5694027cd2cfeb,,[],,,,UNLABELED_UNCLASSIFIED
,train,data/raw/gyu_det/v3/extracted/train/train/images/10985.jpg,,64480e46cdc240a4d181314ae769dda76c9533bc110ecfc81dcfacf76282ae95,,[],,,,UNLABELED_UNCLASSIFIED
,train,data/raw/gyu_det/v3/extracted/train/train/images/10997.jpg,,1d0387d0ae597ff39dbe602a7eb783286b53854f2bf68cfbdf6d28b972733eed,,[],,,,UNLABELED_UNCLASSIFIED
,train,data/raw/gyu_det/v3/extracted/train/train/images/10999.jpg,,477a007a17a2274e64e5a39a24a0c7dedbe1969161b26bded8fc90d3dfa49cee,,[],,,,UNLABELED_UNCLASSIFIED
,train,data/raw/gyu_det/v3/extracted/train/train/images/11000.jpg,,5c401917d914c7b77581e443da963dce54a501df86c416f9875a4e1de7847c72,,[],,,,UNLABELED_UNCLASSIFIED
,train,data/raw/gyu_det/v3/extracted/train/train/images/11005.jpg,,9c814ab9ff6f1447e1ec54cbddceb0fa4c4bd1b492e0158ab973ff89c6843beb,,[],,,,UNLABELED_UNCLASSIFIED
,train,data/raw/gyu_det/v3/extracted/train/train/images/11011.jpg,,e1d9c55e04c3fdb46764396631a02be5b81e2497cc3007feabcc04eb14b60b49,,[],,,,UNLABELED_UNCLASSIFIED
,train,data/raw/gyu_det/v3/extracted/train/train/images/11031.jpg,,28dde7b31e456ba9d589ce58d65c1a04b0fc1d3ec760ab8dd526d8b819e9bf79,,[],,,,UNLABELED_UNCLASSIFIED
,train,data/raw/gyu_det/v3/extracted/train/train/images/11060.jpg,,7d9665c5f7692f2c475d37df7063d6e1762080125b0deba8a21cf3ef336acd15,,[],,,,UNLABELED_UNCLASSIFIED
,train,data/raw/gyu_det/v3/extracted/train/train/images/11068.jpg,,e61f3868ba8af7d1205ceeafb9ae6e1aae31b9cb2b1a1f4d19758cb9564df141,,[],,,,UNLABELED_UNCLASSIFIED
,train,data/raw/gyu_det/v3/extracted/train/train/images/11071.jpg,,8c782b5774bda7cdeee1c0058af64302a5692c677531769672df11500c3f0334,,[],,,,UNLABELED_UNCLASSIFIED
,train,data/raw/gyu_det/v3/extracted/train/train/images/11082.jpg,,1abe7f5533b8a585a6433c4833b805f698865accdfe0661f699c1b9225d67693,,[],,,,UNLABELED_UNCLASSIFIED
,train,data/raw/gyu_det/v3/extracted/train/train/images/11092.jpg,,19d68034362b2cc8a58610443a68606b36342e872ef78ea0e13a441fbffe7606,,[],,,,UNLABELED_UNCLASSIFIED
,train,data/raw/gyu_det/v3/extracted/train/train/images/11132.jpg,,fcd0b98ee9e23b7c710354ddea9e76acae652a959ae334f29007cebbcc7c79d5,,[],,,,UNLABELED_UNCLASSIFIED
,train,data/raw/gyu_det/v3/extracted/train/train/images/11141.jpg,,2c2cf121827d910ddcd26a9edd9c0eb524fef5011b0aee1aea3f8b4ea7be48dc,,[],,,,UNLABELED_UNCLASSIFIED
,train,data/raw/gyu_det/v3/extracted/train/train/images/11150.jpg,data/raw/gyu_det/v3/extracted/train/train/labels/11150.txt,3b8e3ce70bb5e4b4e3090917313743fa289628281c34d1ade9538495f3f26905,3,"[2, 3, 4]",EXACT_2,LG_6b0550daccd65ce4,,EQUIVALENT_EXACT_DUPLICATE_REDUNDANT
,train,data/raw/gyu_det/v3/extracted/train/train/images/11154.jpg,,6da61478acb1eecc1528951a56dc855f2eed0cfaacca0232ebbae56314900e06,,[],,,,UNLABELED_UNCLASSIFIED
,train,data/raw/gyu_det/v3/extracted/train/train/images/11169.jpg,,e5e176cb3711f722786ff5fcbf206186ced72c4354efdeab2ebb13da3b2955c8,,[],,,,UNLABELED_UNCLASSIFIED
,train,data/raw/gyu_det/v3/extracted/train/train/images/11172.jpg,,42dffeebe109138099e69914eab21c6b21d665ce705b64544a408f4e302d0830,,[],,,,UNLABELED_UNCLASSIFIED
,train,data/raw/gyu_det/v3/extracted/train/train/images/11192.jpg,,e157e371f8a0c43db98de46ab4e38cb3732dba15dee31e209754243731907297,,[],,,,UNLABELED_UNCLASSIFIED
,train,data/raw/gyu_det/v3/extracted/train/train/images/11193.jpg,,792b046584260dba4dbad77e95c41dd50ec9940763a4d0274626b5546aac9841,,[],,,,UNLABELED_UNCLASSIFIED
,train,data/raw/gyu_det/v3/extracted/train/train/images/11197.jpg,,216bd517e4307aa4d3665acf3ffef91ab02d322b9126210da8072eb7968307ab,,[],,,,UNLABELED_UNCLASSIFIED
,train,data/raw/gyu_det/v3/extracted/train/train/images/11201.jpg,,82281ae266a21bd60582b7fa4df492e9812e1971cfdf8e100bfd3e17212f6851,,[],,,,UNLABELED_UNCLASSIFIED
,train,data/raw/gyu_det/v3/extracted/train/train/images/11204.jpg,,f4554ab49b5f9653d16cafad5274bc991bca18e5486d53a2feb12446bd386b77,,[],,,,UNLABELED_UNCLASSIFIED
,train,data/raw/gyu_det/v3/extracted/train/train/images/11210.jpg,,2d1c7b6ee7f6d4221e3dd0bafa8d864ce3a4ab367781c47f9f3403cc7bfdcbc4,,[],,,,UNLABELED_UNCLASSIFIED
,train,data/raw/gyu_det/v3/extracted/train/train/images/11225.jpg,,72f5648c07a007467f58586cba991476796f2013e6f064b44531dbd8b5118780,,[],,,,UNLABELED_UNCLASSIFIED
,train,data/raw/gyu_det/v3/extracted/train/train/images/11237.jpg,,e1aff73a8848df01b98277027c077a7687c7c08228e439f52b9177a9d4ef2eb6,,[],,,,UNLABELED_UNCLASSIFIED
,train,data/raw/gyu_det/v3/extracted/train/train/images/11244.jpg,,83fb226903bd133dce013993264bc63ac2e26805e5b7d35a9b75f52c22e85438,,[],,,,UNLABELED_UNCLASSIFIED
,train,data/raw/gyu_det/v3/extracted/train/train/images/11259.jpg,,e5aed7bbdc8239e58b1d99f792ff00d29bcc0100d7fba2151f158165d7525a3b,,[],,,,UNLABELED_UNCLASSIFIED
,train,data/raw/gyu_det/v3/extracted/train/train/images/11271.jpg,,85436e358a926cd1fa3f97c7475dfd5cc74a5be848f0ca4b471101e576c56292,,[],,,,UNLABELED_UNCLASSIFIED
,train,data/raw/gyu_det/v3/extracted/train/train/images/11272.jpg,,00a726b0aff053806fa8767fe5d1f508ee38f5a485464affb0dc18ce0af7eea1,,[],,,,UNLABELED_UNCLASSIFIED
,train,data/raw/gyu_det/v3/extracted/train/train/images/11276.jpg,,4e14a5f9eca8b9c27b0c16a49e5ad8db479b009274c9c1142512cdf2f433728b,,[],,,,UNLABELED_UNCLASSIFIED
,train,data/raw/gyu_det/v3/extracted/train/train/images/11278.jpg,,57b00ca3d131b262d0cf305fcf5510c57f71362e19ac46bd26f94cf91a0a9116,,[],,,,UNLABELED_UNCLASSIFIED
,train,data/raw/gyu_det/v3/extracted/train/train/images/11281.jpg,,5731987b94153a1fb90e048a451f9302cb0233dfc40a5837ed0c06490a7f20b8,,[],,,,UNLABELED_UNCLASSIFIED
,train,data/raw/gyu_det/v3/extracted/train/train/images/11301.jpg,,e93282e43e7ac4248eafcebcbc504828715f251086a55c9a6608b47086e92352,,[],,,,UNLABELED_UNCLASSIFIED
,train,data/raw/gyu_det/v3/extracted/train/train/images/11302.jpg,,32f05f93ee31103af4a66770e86be98c44f6b5bd11c027d30ebcac363b830485,,[],,,,UNLABELED_UNCLASSIFIED
,train,data/raw/gyu_det/v3/extracted/train/train/images/11308.jpg,,b2e4338762e759b1789e79089c620d9dcfbacadd5e9b33339acead3f24285308,,[],,,,UNLABELED_UNCLASSIFIED
,train,data/raw/gyu_det/v3/extracted/train/train/images/11311.jpg,,34a082e364e671af23ef05b9801105d2337162b4417e94e5134fd482d6b31bc4,,[],,,,UNLABELED_UNCLASSIFIED
,train,data/raw/gyu_det/v3/extracted/train/train/images/11314.jpg,,912c46c2204fc7c12b1d9494ce10407c1f2d8b7f114ba00fb7256ad7525a278c,,[],,,,UNLABELED_UNCLASSIFIED
,train,data/raw/gyu_det/v3/extracted/train/train/images/11324.jpg,,e98f1186ef709f09f39b0ff605fdca1b242b7fa4780445766e0abcd976b8fd3d,,[],,,,UNLABELED_UNCLASSIFIED
,train,data/raw/gyu_det/v3/extracted/train/train/images/11334.jpg,data/raw/gyu_det/v3/extracted/train/train/labels/11334.txt,5769321702d319c3177ba007a57a250149be138fda45f094678507afcad53878,1,[0],,LG_4cb50ce37c9b9d34,,APPROVED_LEAKAGE_GROUP_OTHER_SPLIT_RETAINED
,train,data/raw/gyu_det/v3/extracted/train/train/images/11338.jpg,,f0219ae5833116e84134678c32675cc70761b9acb6f0261e6c163eb3a4d7e666,,[],,,,UNLABELED_UNCLASSIFIED
,train,data/raw/gyu_det/v3/extracted/train/train/images/11339.jpg,,f6238aec1a57d0f269f806de931bfeb5a48f81a5ae5bb7652b2b90b58647b265,,[],,,,UNLABELED_UNCLASSIFIED
,train,data/raw/gyu_det/v3/extracted/train/train/images/11341.jpg,,f4b82d47b6072b253f468850eda98681537cc7df35e3bf9f1a424cb97a6c6a13,,[],,,,UNLABELED_UNCLASSIFIED
,train,data/raw/gyu_det/v3/extracted/train/train/images/11351.jpg,,33e410d1b03c31236d1e29bc8bfd65d0ae43dcd3dda2645e587e58591c221fae,,[],,,,UNLABELED_UNCLASSIFIED
,train,data/raw/gyu_det/v3/extracted/train/train/images/11379.jpg,,77eb12f530f1f0c14dd33191ae16205ca9629b4ede30e58d9f878016fb4a12a7,,[],,,,UNLABELED_UNCLASSIFIED
,train,data/raw/gyu_det/v3/extracted/train/train/images/11395.jpg,,6a71051dd75c48157053dcd2342ba719b8f8251b5327961599ec23e2b94e9af7,,[],,,,UNLABELED_UNCLASSIFIED
,train,data/raw/gyu_det/v3/extracted/train/train/images/11397.jpg,,96c986b148cae09724c3623386a15719cb58e43cdb033a829bc678a723f59411,,[],,,,UNLABELED_UNCLASSIFIED
,train,data/raw/gyu_det/v3/extracted/train/train/images/11401.jpg,,f45e47e77726dc6c9e8fe282ca6e2a20c6fbb563671bc844f2d16c652fe08961,,[],,,,UNLABELED_UNCLASSIFIED
,train,data/raw/gyu_det/v3/extracted/train/train/images/11402.jpg,,4554fe28c53791e3e0d22b78e6e753564a1927104f6c00b4bb170ac27552f177,,[],,,,UNLABELED_UNCLASSIFIED
,train,data/raw/gyu_det/v3/extracted/train/train/images/11412.jpg,,19e0748ab1f031565e07fc85db9bca18ff32da871266dd310c6773a8d5279985,,[],,,,UNLABELED_UNCLASSIFIED
,train,data/raw/gyu_det/v3/extracted/train/train/images/11416.jpg,,7e0572d5d4094b1752219a1571ec2c9afdadd5ba56dd4ed04f65cbca9e433697,,[],,,,UNLABELED_UNCLASSIFIED
,train,data/raw/gyu_det/v3/extracted/train/train/images/11441.jpg,,fa6dd01c978050d208cc7be50fac6b5d52b29f6d968cd4818771691a47245695,,[],,,,UNLABELED_UNCLASSIFIED
,train,data/raw/gyu_det/v3/extracted/train/train/images/11480.jpg,,617f9192361f3f01a32496ced7162ca78e3bace7f730bb98cd11c631fbacfd2b,,[],,,,UNLABELED_UNCLASSIFIED
,train,data/raw/gyu_det/v3/extracted/train/train/images/11486.jpg,,85a5bc1a40b511b3a9ceadb9b3056fec343309fbaceee9f1906addb0ae27782d,,[],,,,UNLABELED_UNCLASSIFIED
,train,data/raw/gyu_det/v3/extracted/train/train/images/11488.jpg,,74ce1ab6d4202af299f63557cccdce37c2bbfe99f883bc465192c2ad4d95cd9d,,[],,,,UNLABELED_UNCLASSIFIED
,train,data/raw/gyu_det/v3/extracted/train/train/images/11497.jpg,,c57362c6d5b834a0397144844b1aae51ac70989b82f1fd1c90ce211b01e63957,,[],,,,UNLABELED_UNCLASSIFIED
,train,data/raw/gyu_det/v3/extracted/train/train/images/11503.jpg,,199f78983f7dec9f37a2de2d340f5836acfd572f61a21aa169d9dba9032a0af3,,[],,,,UNLABELED_UNCLASSIFIED
,train,data/raw/gyu_det/v3/extracted/train/train/images/11505.jpg,,c0879c3441952446d8093f56e9fa244597647b05642d12a7c4434faddc73ed6d,,[],,,,UNLABELED_UNCLASSIFIED
,train,data/raw/gyu_det/v3/extracted/train/train/images/11522.jpg,,4cd5e77979b9a58ce99fe775c59aba7cc2bd21fb34071db3169f9d9f7dcbebb0,,[],,,,UNLABELED_UNCLASSIFIED
,train,data/raw/gyu_det/v3/extracted/train/train/images/11523.jpg,,707a71953a295cae50ff8964f4d49f9d9fae68a9a55267d4a62c8c53a664a17f,,[],,,,UNLABELED_UNCLASSIFIED
,train,data/raw/gyu_det/v3/extracted/train/train/images/11528.jpg,,e572a23ce52348b0e28508fc2f5d37840e3d014eeaf60bd438e4cb76c96af2df,,[],,,,UNLABELED_UNCLASSIFIED
,train,data/raw/gyu_det/v3/extracted/train/train/images/11532.jpg,,aedcbcf779b1b51016877bf4c49142a2998f3b58e1e37cd0a4ed81eaa8c02799,,[],,,,UNLABELED_UNCLASSIFIED
,train,data/raw/gyu_det/v3/extracted/train/train/images/11535.jpg,,9640c253fdcae793bbaca937610bfa4fc6ff02f0d74f6540f89b36654dd85c22,,[],,,,UNLABELED_UNCLASSIFIED
,train,data/raw/gyu_det/v3/extracted/train/train/images/11571.jpg,,3323d56f015df4b51f3e773df74a300468d0d9dad94540553df6690f98e9d327,,[],,,,UNLABELED_UNCLASSIFIED
,train,data/raw/gyu_det/v3/extracted/train/train/images/11576.jpg,,9105f808c0fcad49a8f195a01866434b4375e6d29b917768aab7f48e221f2d3f,,[],,,,UNLABELED_UNCLASSIFIED
,train,data/raw/gyu_det/v3/extracted/train/train/images/11583.jpg,,1a3b99fd13915b2d7a0321081d2a88e7092cab23606b035a37f8c2923ba68ee1,,[],,,,UNLABELED_UNCLASSIFIED
,train,data/raw/gyu_det/v3/extracted/train/train/images/11600.jpg,,41b558392f5b175171f2843fb6e243d546e772b2c547346dc7e10b5969fc0559,,[],,,,UNLABELED_UNCLASSIFIED
,train,data/raw/gyu_det/v3/extracted/train/train/images/11605.jpg,,35e995efeb225397fd8a3eed1c0e8f8cea876f17116a665b28929b485f30f9b9,,[],,,,UNLABELED_UNCLASSIFIED
,train,data/raw/gyu_det/v3/extracted/train/train/images/11624.jpg,,5ae9edcecd7fc4d6f1c7f098424e98d7da5854160adc4d32669066679dff15a8,,[],,,,UNLABELED_UNCLASSIFIED
,train,data/raw/gyu_det/v3/extracted/train/train/images/11629.jpg,,7ffa70789198c12ba9da4bc063214961b2eebf1b4d010603d996168d260e022f,,[],,,,UNLABELED_UNCLASSIFIED
,train,data/raw/gyu_det/v3/extracted/train/train/images/11637.jpg,,809238d9c9520316480d8563e40ca051cabff08a7af7c7e85aa97204a6fdef05,,[],,,,UNLABELED_UNCLASSIFIED
,train,data/raw/gyu_det/v3/extracted/train/train/images/11639.jpg,,ce99d242f5992c3cf336819099cc30afdfd30fd1a2a5a7f90b13f7a11cc29519,,[],,,,UNLABELED_UNCLASSIFIED
,train,data/raw/gyu_det/v3/extracted/train/train/images/11658.jpg,,9c5e33f4db6aa5381a3db12e026c26da5f46a27b695126e58c2f567991da3cfd,,[],,,,UNLABELED_UNCLASSIFIED
,train,data/raw/gyu_det/v3/extracted/train/train/images/11663.jpg,,42da39af95b52885b0b31c533fc1ce8a8da6075b3f426392fee2a2ecaa8f615c,,[],,,,UNLABELED_UNCLASSIFIED
,train,data/raw/gyu_det/v3/extracted/train/train/images/11676.jpg,,4e112fa9d2eed6930c1f8ce77e22821b57ae22a0eba2fbf61f882d6be6a86149,,[],,,,UNLABELED_UNCLASSIFIED
,train,data/raw/gyu_det/v3/extracted/train/train/images/11694.jpg,,46ade78d34b5eb580b19222589befdcd5b7a2c7c7cbac2e31e341a189ecbc8b5,,[],,,,UNLABELED_UNCLASSIFIED
,train,data/raw/gyu_det/v3/extracted/train/train/images/11698.jpg,,472304039998141bde9fa77e1d187fff1db7cc626bd220e12d35852c569950b7,,[],,,,UNLABELED_UNCLASSIFIED
,train,data/raw/gyu_det/v3/extracted/train/train/images/11708.jpg,,042f23b6b385024c79a34b6f331466cb07f2c3b0fd28eec1d3610e81c62afe46,,[],,,,UNLABELED_UNCLASSIFIED
,train,data/raw/gyu_det/v3/extracted/train/train/images/11712.jpg,,cd21a97164d31c14438f5b4e1714e5521f8deb1248941244e94ce928a9ea8869,,[],,,,UNLABELED_UNCLASSIFIED
,train,data/raw/gyu_det/v3/extracted/train/train/images/11716.jpg,,379e61ebee8cae450fc220470596a779850ac4e843c189a7a7e6ed9ac29f3caa,,[],,,,UNLABELED_UNCLASSIFIED
,train,data/raw/gyu_det/v3/extracted/train/train/images/11719.jpg,,6fb2e32c6eefbe7afdc639c23e81ffb91949d71df02495f2999e86dec2c9503b,,[],,,,UNLABELED_UNCLASSIFIED
,train,data/raw/gyu_det/v3/extracted/train/train/images/11742.jpg,,2dcc212f86245149e6396edbea5f62fa8abdc8cdd8a2d58088f328523d7cb153,,[],,,,UNLABELED_UNCLASSIFIED
,train,data/raw/gyu_det/v3/extracted/train/train/images/11756.jpg,,a5c9a86f66e7855e4c6550b4980b765a0a9a98294648df72711c2b1351882b6e,,[],,,,UNLABELED_UNCLASSIFIED
,train,data/raw/gyu_det/v3/extracted/train/train/images/11773.jpg,,80bf4181ddad44bb94c049e9acd7a97af01b67f7500339fa85cdad6739af6035,,[],,,,UNLABELED_UNCLASSIFIED
,train,data/raw/gyu_det/v3/extracted/train/train/images/11776.jpg,,961ccea5ba7324023d578d88eaf7c3fa8180d9f3e8bcd78c08064c515c69039c,,[],,,,UNLABELED_UNCLASSIFIED
,train,data/raw/gyu_det/v3/extracted/train/train/images/11778.jpg,,52f07d4e81f49eee95d0eb9de2f14293e5e18b39c3540c44ace866c78c7425ee,,[],,,,UNLABELED_UNCLASSIFIED
,train,data/raw/gyu_det/v3/extracted/train/train/images/11793.jpg,,d18c7cc9ed7254398c5f6a7b2696938ce5dd91fca114052fe477b2cb83cd0419,,[],,,,UNLABELED_UNCLASSIFIED
,train,data/raw/gyu_det/v3/extracted/train/train/images/11799.jpg,,a89cd7d9e8f00c4f137c41f3544dc292994aaf7ccc68eb996c15e25620254fdb,,[],,,,UNLABELED_UNCLASSIFIED
,train,data/raw/gyu_det/v3/extracted/train/train/images/11807.jpg,,59c75fa97cdd5b71d5893993248de2a3d202b6d82ab9dbb43f057effa4da358c,,[],,,,UNLABELED_UNCLASSIFIED
,train,data/raw/gyu_det/v3/extracted/train/train/images/11828.jpg,,9f37d09a04e032bb771fe0f2618a29eca8649657f91c4d7376abca3106656745,,[],,,,UNLABELED_UNCLASSIFIED
,train,data/raw/gyu_det/v3/extracted/train/train/images/11859.jpg,,6a4476827dfaa22e28be310d15b183fb06c26818cdf629c6a5593789c98294c5,,[],,,,UNLABELED_UNCLASSIFIED
,train,data/raw/gyu_det/v3/extracted/train/train/images/11863.jpg,,c55dbb4ab02833197cb192c033502015a0ca230c3c25d216b3b258a79457da02,,[],,,,UNLABELED_UNCLASSIFIED
,train,data/raw/gyu_det/v3/extracted/train/train/images/11866.jpg,,25e226d9636ea21ca9a2d157567f970552ade92ef5419f5b6e83387ca236e94f,,[],,,,UNLABELED_UNCLASSIFIED
,train,data/raw/gyu_det/v3/extracted/train/train/images/11894.jpg,,ca272b7a19994b1ebb0ee5ea7ed355a76940668980e08043c50d07ae5c7f410c,,[],,,,UNLABELED_UNCLASSIFIED
,train,data/raw/gyu_det/v3/extracted/train/train/images/11900.jpg,,c10ad497c1c36d0e85b35ca36f20f10bce58a1a86a5bead13c190a9cc8263a91,,[],,,,UNLABELED_UNCLASSIFIED
,train,data/raw/gyu_det/v3/extracted/train/train/images/11901.jpg,,9138399d3766496865be3ab37c6870b19d1466f5637614f1802c14b3be3f9a73,,[],,,,UNLABELED_UNCLASSIFIED
,train,data/raw/gyu_det/v3/extracted/train/train/images/11910.jpg,,35cc46e7e6a23fe4d7d132f828507da29434b501b7ab34d1faaa8a123ca27d04,,[],,,,UNLABELED_UNCLASSIFIED
,train,data/raw/gyu_det/v3/extracted/train/train/images/11946.jpg,,bae0949dd1f8fbdc002c040b8ce42ec3b13321f3770935a2bfa9f33b23a3e419,,[],,,,UNLABELED_UNCLASSIFIED
,train,data/raw/gyu_det/v3/extracted/train/train/images/139.JPG,data/raw/gyu_det/v3/extracted/train/train/labels/139.txt,ec755b567c0e4ab2442b3dd0e0b9a5af50d0d6223953cd4dd87713006529e645,1,[1],EXACT_6,LG_f2b8fb3108aa5028,,APPROVED_BASELINE_V1_CONFLICT_GROUP_EXCLUSION
,train,data/raw/gyu_det/v3/extracted/train/train/images/1484.jpg,,2e0fc6a5666d906259fae6e3f9965224514e95bff40531e7b4c198f967e5667c,,[],,,,UNLABELED_UNCLASSIFIED
,train,data/raw/gyu_det/v3/extracted/train/train/images/1499.JPG,,38b37a1c657276d478fcde6f7299bc93b0aa47252c3aaad7403a6743daf36870,,[],,,,UNLABELED_UNCLASSIFIED
,train,data/raw/gyu_det/v3/extracted/train/train/images/1506.jpg,,37326b47bbc0154a3d648d28f3a708d9852c8cf5524caed9d06a06e527a87e58,,[],,,,UNLABELED_UNCLASSIFIED
,train,data/raw/gyu_det/v3/extracted/train/train/images/1521.JPG,,28979ebc124e25285a4d6667d1020556fcf372427e6b3aa49815b5feb8fcedea,,[],,,,UNLABELED_UNCLASSIFIED
,train,data/raw/gyu_det/v3/extracted/train/train/images/1553.JPG,,9d0c0ef497b4fb5821bd37e2edd1c02bfe0ca45baab829674b60bd5f91eb9783,,[],,,,UNLABELED_UNCLASSIFIED
,train,data/raw/gyu_det/v3/extracted/train/train/images/1648.JPG,,6bfddd211aa09b48fb063be6442f0e6265847e9c06dd16aba71969de75322b7a,,[],,,,UNLABELED_UNCLASSIFIED
,train,data/raw/gyu_det/v3/extracted/train/train/images/1661.jpg,,3f0ddeb6530831f55cf3e562e09146dee1b0aa123ae6b31d8741104118b3ada8,,[],,,,UNLABELED_UNCLASSIFIED
,train,data/raw/gyu_det/v3/extracted/train/train/images/1667.JPG,,5ab20639b69e444561b103e66e9c20f666b28edefb1ba4e72abe6b5cc7ddb08b,,[],,,,UNLABELED_UNCLASSIFIED
,train,data/raw/gyu_det/v3/extracted/train/train/images/1669.JPG,,f03aff351781a55f0e38d281c25131868a4e3d4218e9f019720fdaa3fb19a9a9,,[],,,,UNLABELED_UNCLASSIFIED
,train,data/raw/gyu_det/v3/extracted/train/train/images/1670.JPG,,c96dfa27de77a7939f3d3435d935fd02353f0a18d7cc3e90299e73504538343b,,[],,,,UNLABELED_UNCLASSIFIED
,train,data/raw/gyu_det/v3/extracted/train/train/images/183.JPG,data/raw/gyu_det/v3/extracted/train/train/labels/183.txt,ec755b567c0e4ab2442b3dd0e0b9a5af50d0d6223953cd4dd87713006529e645,1,[1],EXACT_6,LG_f2b8fb3108aa5028,,APPROVED_BASELINE_V1_CONFLICT_GROUP_EXCLUSION
,train,data/raw/gyu_det/v3/extracted/train/train/images/1847.JPG,,14c3c0bf9abfa4f3612582f735e2edcbfbfcbfcf85128a9a4400680816bdde30,,[],,,,UNLABELED_UNCLASSIFIED
,train,data/raw/gyu_det/v3/extracted/train/train/images/1849.JPG,,f99e963f8cb407acd0f3c40928c0aa420c06d7c829451f94e9a880ed01696d26,,[],,,,UNLABELED_UNCLASSIFIED
,train,data/raw/gyu_det/v3/extracted/train/train/images/1869.JPG,,0579095c93209f0f5847f72d90928b75a7344b51b966a92b98ac253433144496,,[],,,,UNLABELED_UNCLASSIFIED
,train,data/raw/gyu_det/v3/extracted/train/train/images/1912.JPG,,0fead370ae5139367c37f952bd672b378ca70c5cd9269bfe67c5b3f1a9b031b0,,[],,,,UNLABELED_UNCLASSIFIED
,train,data/raw/gyu_det/v3/extracted/train/train/images/1953.JPG,,a887dc453bd6403fa8d04b39a702fda9d1c045583354a88a31bb106cdb5e8170,,[],,,,UNLABELED_UNCLASSIFIED
,train,data/raw/gyu_det/v3/extracted/train/train/images/1958.JPG,,9caf25ee4da5c1201aa2e79fae7a3dbbb0976e691b57f3c19c6a108c0857e8dd,,[],,,,UNLABELED_UNCLASSIFIED
,train,data/raw/gyu_det/v3/extracted/train/train/images/2014.JPG,,b545d7f9123195ed44025ba77ebbc9afec1ef4600d6621569ef4b8dced1aefd1,,[],,,,UNLABELED_UNCLASSIFIED
,train,data/raw/gyu_det/v3/extracted/train/train/images/2022.JPG,,75bd7396acd4e5c9a943c95df887ac01c63b012518e2acc801317c6b2427c1c2,,[],,,,UNLABELED_UNCLASSIFIED
,train,data/raw/gyu_det/v3/extracted/train/train/images/2023.JPG,,d7ddcf22e63de0ff635c2fe537644aa1d3c5644b0a1d6c22e780046b87edee79,,[],,,,UNLABELED_UNCLASSIFIED
,train,data/raw/gyu_det/v3/extracted/train/train/images/2024.JPG,,cc7da5940f2ee7da113fa819c958c7815a97b45548c53cb40973f3935afad6cb,,[],,,,UNLABELED_UNCLASSIFIED
,train,data/raw/gyu_det/v3/extracted/train/train/images/2045.JPG,,4e5283c2df7455f0dfb65802b116aaedb9aa07a0dbdb09a16a560f7994826233,,[],,,,UNLABELED_UNCLASSIFIED
,train,data/raw/gyu_det/v3/extracted/train/train/images/2068.JPG,,bce6b84edc8ecae7c658646eb89069199ed6ad70705da7e1c1d84ef16eba3ace,,[],,,,UNLABELED_UNCLASSIFIED
,train,data/raw/gyu_det/v3/extracted/train/train/images/2073.JPG,,fba298eb54ab20fa4162be6acc09251081d2eda64d1852acb60f6f43bcd6dac7,,[],,,,UNLABELED_UNCLASSIFIED
,train,data/raw/gyu_det/v3/extracted/train/train/images/2078.JPG,,fe2f8daed3543f2917ee993eb73fb528472fb00e19055331c637221d88f11820,,[],,,,UNLABELED_UNCLASSIFIED
,train,data/raw/gyu_det/v3/extracted/train/train/images/2109.JPG,,4f5d2074c211d97a030c509259f0747b26423d001fc7df31d05c2f2559b87b81,,[],,,,UNLABELED_UNCLASSIFIED
,train,data/raw/gyu_det/v3/extracted/train/train/images/2111.JPG,,7a25f9acf6122397174e9e4ec4a4f1b120519de5a86921e68f37f60079b48943,,[],,,,UNLABELED_UNCLASSIFIED
,train,data/raw/gyu_det/v3/extracted/train/train/images/2138.JPG,,90b5f814ab758df41b316628a21993f4333fe121d3de86554d3b61ee1b0b42d6,,[],,,,UNLABELED_UNCLASSIFIED
,train,data/raw/gyu_det/v3/extracted/train/train/images/2143.JPG,,2500b47025cdf60571062b5dd992ec56493e30307a071a25ca48aa44801cfad6,,[],,,,UNLABELED_UNCLASSIFIED
,train,data/raw/gyu_det/v3/extracted/train/train/images/2209.JPG,,683694eded69373fd8f8ddd53051f847c685e6a917bc9e82a9958686f1b44737,,[],,,,UNLABELED_UNCLASSIFIED
,train,data/raw/gyu_det/v3/extracted/train/train/images/2210.JPG,,66c92744addbba5cc4ace68b5df00ce1a086ce85a4002a4f18f8cffb292c4cfc,,[],,,,UNLABELED_UNCLASSIFIED
,train,data/raw/gyu_det/v3/extracted/train/train/images/2228.png,,ffc0ad16bba8d8d529382d02f80b89d8bc1c0447b629de82a9a5a3c2a0145dd8,,[],,,,UNLABELED_UNCLASSIFIED
,train,data/raw/gyu_det/v3/extracted/train/train/images/2229.jpg,,95bbb5a8f413bb779e092fc2992b05cd6452399557ae747ecf36603aaa963863,,[],,,,UNLABELED_UNCLASSIFIED
,train,data/raw/gyu_det/v3/extracted/train/train/images/2278.JPG,,ddd3f5f9dbc61de62e6492501b3659e2ff528ecf26bbe11a2e026e77b9a36bb9,,[],,,,UNLABELED_UNCLASSIFIED
,train,data/raw/gyu_det/v3/extracted/train/train/images/2307.JPG,,ddfaf40119c0d6758f17f2ec053a6091cfa87f1f0a6daa22d959d4a585f7829b,,[],,,,UNLABELED_UNCLASSIFIED
,train,data/raw/gyu_det/v3/extracted/train/train/images/2341.JPG,,92ca4296ee762aeccd02b550d3fd5167dea4088ac9defb8ba64e7b86360d2fcb,,[],,,,UNLABELED_UNCLASSIFIED
,train,data/raw/gyu_det/v3/extracted/train/train/images/2342.JPG,,e4818f4b7997bdd0374932e1b6029eb6679b0ef2315e4b008d3f2e5c032fe1a1,,[],,,,UNLABELED_UNCLASSIFIED
,train,data/raw/gyu_det/v3/extracted/train/train/images/2343.JPG,,ef8771c7323aa9eea43c60f3682ce9305a444bf1c52d8f2ecc4206561ea207a0,,[],,,,UNLABELED_UNCLASSIFIED
,train,data/raw/gyu_det/v3/extracted/train/train/images/2407.JPG,,7f142ee72d4e8c8d8b3e549aea60ea21109dc02de2c5826772d90a97b0179073,,[],,,,UNLABELED_UNCLASSIFIED
,train,data/raw/gyu_det/v3/extracted/train/train/images/2750.JPG,,887f4ccba69c6d5d819ad4a6763a92bd8037f16c240bcc75f0c99b214db207c2,,[],,,,UNLABELED_UNCLASSIFIED
,train,data/raw/gyu_det/v3/extracted/train/train/images/2761.JPG,,c31849d317230927aaab5c8628a03305e360686a737111093afae4d06c6d8e6e,,[],,,,UNLABELED_UNCLASSIFIED
,train,data/raw/gyu_det/v3/extracted/train/train/images/2788.JPG,,09007eb4c41aaece965dc7ab71bfe16778bd383c66e7fa705865110b21acf314,,[],,,,UNLABELED_UNCLASSIFIED
,train,data/raw/gyu_det/v3/extracted/train/train/images/28.JPG,,356a88d56021b75237663466c105f6577bbc6809c8db4ac700fae8e0846cede6,,[],,,,UNLABELED_UNCLASSIFIED
,train,data/raw/gyu_det/v3/extracted/train/train/images/2866.JPG,,1df3290164151da2584315b361d713ab55bc2c8a39f9e82d7437401182bb4666,,[],,,,UNLABELED_UNCLASSIFIED
,train,data/raw/gyu_det/v3/extracted/train/train/images/3085.JPG,,0a30f8e939757098a6162d23f21ef365ee643c560463ce6081416f656d6d1378,,[],,,,UNLABELED_UNCLASSIFIED
,train,data/raw/gyu_det/v3/extracted/train/train/images/3128.JPG,,be44b03f920e6d5231c195610fa03478d2a54b62e18dd3b61c1f379744783889,,[],,,,UNLABELED_UNCLASSIFIED
,train,data/raw/gyu_det/v3/extracted/train/train/images/3141.JPG,,f14c94d9decda0a7512ba37fdee7ff7089a5a62948ccced64f033c6f55959322,,[],,,,UNLABELED_UNCLASSIFIED
,train,data/raw/gyu_det/v3/extracted/train/train/images/32.JPG,,d9e5b66c1e0b427b97743a7ac3490efa158528fa45bd2e6d8dd9cba35ecfd717,,[],,,,UNLABELED_UNCLASSIFIED
,train,data/raw/gyu_det/v3/extracted/train/train/images/328.JPG,,ae59592a11eff47b72c53e9aa92a1990d2aadd585eb51bc784756f1003623db7,,[],,,,UNLABELED_UNCLASSIFIED
,train,data/raw/gyu_det/v3/extracted/train/train/images/3452.jpg,,7b89a44487b486a0292edf94394586ad325594f48afcd03c0ae2706268072774,,[],,,,UNLABELED_UNCLASSIFIED
,train,data/raw/gyu_det/v3/extracted/train/train/images/3457.JPG,,70dc1c881b1bfaee00d57332c96e77c8cc2b6126a15616cf843b4f06200e4fcb,,[],,,,UNLABELED_UNCLASSIFIED
,train,data/raw/gyu_det/v3/extracted/train/train/images/3508.JPG,,98597b6ed877f75863d1aafa386fee0be4de057720359819fddd8833431cdcd8,,[],,,,UNLABELED_UNCLASSIFIED
,train,data/raw/gyu_det/v3/extracted/train/train/images/3552.JPG,,5e7c6d076faea4cbe28360ecb324161cfce92e018ea59e9b61d04b6a21a37f5c,,[],,,,UNLABELED_UNCLASSIFIED
,train,data/raw/gyu_det/v3/extracted/train/train/images/3597.JPG,,03f65a4334b4498a3874eb4272affbe915f84d1d8d0d14f81dc8375e37b99e8c,,[],,,,UNLABELED_UNCLASSIFIED
,train,data/raw/gyu_det/v3/extracted/train/train/images/3619.JPG,,533c99faf280156c80529f33eb4927bd71e044b07ae381ee9e003dd6c4096038,,[],,,,UNLABELED_UNCLASSIFIED
,train,data/raw/gyu_det/v3/extracted/train/train/images/3708.JPG,,3904f7d59d658601df092e35547d5fbcd5159167cd3bee59cd552808a65ea7c5,,[],,,,UNLABELED_UNCLASSIFIED
,train,data/raw/gyu_det/v3/extracted/train/train/images/3710.JPG,,6c6ac4e4ae273a8ad339186f7f87a26fbaa6f9368a6d8fcd0f2e45a7ab93a32c,,[],,,,UNLABELED_UNCLASSIFIED
,train,data/raw/gyu_det/v3/extracted/train/train/images/3765.JPG,,403f406a65347df6bd726e590af2975ded9df479470b6fa481d0f983ab6c8fce,,[],,,,UNLABELED_UNCLASSIFIED
,train,data/raw/gyu_det/v3/extracted/train/train/images/3852.JPG,data/raw/gyu_det/v3/extracted/train/train/labels/3852.txt,ae7f06267f327a2bf7aa4adbac9fb8bdf28173ca3a02f91d3795093c9924c6ec,6,"[1, 2, 4]",EXACT_4,LG_e2b3d25ae3470fb2,,APPROVED_BASELINE_V1_CONFLICT_GROUP_EXCLUSION
,train,data/raw/gyu_det/v3/extracted/train/train/images/3896.jpg,,f97fe6b67c7960383a525dffb10c1f312705fcad4446d84a5093680241d2e3df,,[],,,,UNLABELED_UNCLASSIFIED
,train,data/raw/gyu_det/v3/extracted/train/train/images/3954.JPG,,bc03ca3e8c45097e1a542e0752e66982ddd2e19b547270659c137a016000da53,,[],,,,UNLABELED_UNCLASSIFIED
,train,data/raw/gyu_det/v3/extracted/train/train/images/3955.JPG,,f25cc05e35e9662e0d6b0be2c948be15eab3aded9de5e03511b266a62ca69836,,[],,,,UNLABELED_UNCLASSIFIED
,train,data/raw/gyu_det/v3/extracted/train/train/images/3996.JPG,,7929aa16bdb3e429974a01af7735bfdc2f518ec824ed7c9d2f183fff45d43ec3,,[],,,,UNLABELED_UNCLASSIFIED
,train,data/raw/gyu_det/v3/extracted/train/train/images/3997.JPG,,e06cec71367153ed4f761e4b281900e3fdb66895d0f22d0dc14ea17056ef0d0b,,[],,,,UNLABELED_UNCLASSIFIED
,train,data/raw/gyu_det/v3/extracted/train/train/images/3998.JPG,,7fd973d9becf1f0d4cbd4270659748b8fa73d5590a82462b9f1427262053552a,,[],,,,UNLABELED_UNCLASSIFIED
,train,data/raw/gyu_det/v3/extracted/train/train/images/4003.JPG,,cdc438a7b7067eef698daf1f907c231becf78530e75829eaac008679c4451207,,[],,,,UNLABELED_UNCLASSIFIED
,train,data/raw/gyu_det/v3/extracted/train/train/images/4016.JPG,,169829f5b088286eaeae8fd849cdd60bff966be35f66480e7bc00469eb6d7d42,,[],,,,UNLABELED_UNCLASSIFIED
,train,data/raw/gyu_det/v3/extracted/train/train/images/4017.JPG,,4daf7a115907ea44ddf3de7d47c118cd3917ece9fabbc39b551a1ba4432ed681,,[],,,,UNLABELED_UNCLASSIFIED
,train,data/raw/gyu_det/v3/extracted/train/train/images/4018.JPG,,90fcbbec01ff641f6ae4b47bd0c116ce96afce198a079819a1051d82fc2274e0,,[],,,,UNLABELED_UNCLASSIFIED
,train,data/raw/gyu_det/v3/extracted/train/train/images/4023.JPG,,bbb8b843c68d7a7015cd249eac86f4f78e4bfde2c7bfc466020b3ba0f24cb40d,,[],,,,UNLABELED_UNCLASSIFIED
,train,data/raw/gyu_det/v3/extracted/train/train/images/4043.JPG,,3a323695f537c803cbdced6694cc69212425324694467122e6b495d8aafa9a53,,[],,,,UNLABELED_UNCLASSIFIED
,train,data/raw/gyu_det/v3/extracted/train/train/images/4044.JPG,,4176207dfae552c73a3dc7bd0c2affde69852d361c5604709be40e9bc932e262,,[],,,,UNLABELED_UNCLASSIFIED
,train,data/raw/gyu_det/v3/extracted/train/train/images/4051.JPG,,7b25598ff7eda809f561b61532b8b13f4efdcb7f58509ecc2f7a5f332d5d9905,,[],,,,UNLABELED_UNCLASSIFIED
,train,data/raw/gyu_det/v3/extracted/train/train/images/4069.JPG,,93ded5210ca9cc1d3a109d3f2669c71091a31f8398047800d981439b3e42d29b,,[],,,,UNLABELED_UNCLASSIFIED
,train,data/raw/gyu_det/v3/extracted/train/train/images/4070.JPG,,4b7894e0d472ab6f781116d2c9a1d4940157d67dc6c7b42ba2f16a655ed77a6a,,[],,,,UNLABELED_UNCLASSIFIED
,train,data/raw/gyu_det/v3/extracted/train/train/images/4078.JPG,,e27a6b3242dad702d0ea5d1652114bc96e08ff168d66e14d36c3e34c9c56fe66,,[],,,,UNLABELED_UNCLASSIFIED
,train,data/raw/gyu_det/v3/extracted/train/train/images/4079.JPG,,69d84ab6e4bdd0aad9cdea0b308ef7e2c1c1ae7373ba7184d7022cda45f488bc,,[],,,,UNLABELED_UNCLASSIFIED
,train,data/raw/gyu_det/v3/extracted/train/train/images/4118.jpg,,6f4144e1120d4c32765cb2f000168f31772b53b1bee7914df9c2772c8d61d4d0,,[],,,,UNLABELED_UNCLASSIFIED
,train,data/raw/gyu_det/v3/extracted/train/train/images/4263.JPG,data/raw/gyu_det/v3/extracted/train/train/labels/4263.txt,ae7f06267f327a2bf7aa4adbac9fb8bdf28173ca3a02f91d3795093c9924c6ec,6,"[1, 2, 4]",EXACT_4,LG_e2b3d25ae3470fb2,,APPROVED_BASELINE_V1_CONFLICT_GROUP_EXCLUSION
,train,data/raw/gyu_det/v3/extracted/train/train/images/4305.JPG,,218402e4a49c2fb20890d30d8453add087834e73d71f9b7f61a19e5fa423978a,,[],,,,UNLABELED_UNCLASSIFIED
,train,data/raw/gyu_det/v3/extracted/train/train/images/4321.JPG,,114e48a6331c25f7b57280a4e59399b5301e2566fa73aba7314f8d9fbf055c7e,,[],,,,UNLABELED_UNCLASSIFIED
,train,data/raw/gyu_det/v3/extracted/train/train/images/4323.JPG,,d8cdf367ae057d4269580c4c7121ae188b951f41ff9d951c522b3262fa70f38e,,[],,,,UNLABELED_UNCLASSIFIED
,train,data/raw/gyu_det/v3/extracted/train/train/images/4343.JPG,,81997d286c55f658ec7a2dec8f0c72645d55b34c7846aa7dbd94a3ac1afa464b,,[],,,,UNLABELED_UNCLASSIFIED
,train,data/raw/gyu_det/v3/extracted/train/train/images/4347.JPG,,8999438c50d30b417d973b6dfb52bb6aec1c0ffbf2f1e2d9c767a7b2f86ba2a4,,[],,,,UNLABELED_UNCLASSIFIED
,train,data/raw/gyu_det/v3/extracted/train/train/images/4351.JPG,,e950e8deab01f57a60f5304f3688cda9208372c8469d5b254f06a90229be01ee,,[],,,,UNLABELED_UNCLASSIFIED
,train,data/raw/gyu_det/v3/extracted/train/train/images/4398.JPG,,e1775f04e513c5434a0ce93fa5f38396242e4725811249769812eb26b23fa7f5,,[],,,,UNLABELED_UNCLASSIFIED
,train,data/raw/gyu_det/v3/extracted/train/train/images/4405.JPG,,696d1c66ea45016cf638a104f698e7b11cb6e99abf60482b496e474654ebbb0c,,[],,,,UNLABELED_UNCLASSIFIED
,train,data/raw/gyu_det/v3/extracted/train/train/images/4406.JPG,,a6a488ac03294f682b5d3132d5ed7a25df962bd6a6937f54d78558b1ca7f6d29,,[],,,,UNLABELED_UNCLASSIFIED
,train,data/raw/gyu_det/v3/extracted/train/train/images/4409.JPG,,6098d439692895ff97a4ce7a3ccf6c6cc21f266ea45aa0823ed584e6e45eb3ad,,[],,,,UNLABELED_UNCLASSIFIED
,train,data/raw/gyu_det/v3/extracted/train/train/images/4424.JPG,,f3a9e849ff246e887747be479ebaaeb7087d1d61e7b2e33d848f1386da814470,,[],,,,UNLABELED_UNCLASSIFIED
,train,data/raw/gyu_det/v3/extracted/train/train/images/4427.JPG,,8f102ce6ee12ce62e9bb0e3fc4e93ed378de32082dc9cb91269db0f676367e48,,[],,,,UNLABELED_UNCLASSIFIED
,train,data/raw/gyu_det/v3/extracted/train/train/images/4476.JPG,data/raw/gyu_det/v3/extracted/train/train/labels/4476.txt,3001b5bcac75b02bf48b74f736a8a1035d1aba418198dc6b0958d7586a46046e,3,"[1, 2]",EXACT_1,LG_87cfb1d048ef6841,,APPROVED_BASELINE_V1_CONFLICT_GROUP_EXCLUSION
,train,data/raw/gyu_det/v3/extracted/train/train/images/4601.JPG,,2842ae4def60485d7bd44acceb875821b9d60e66fc42b4b828576abc3825f6c5,,[],,,,UNLABELED_UNCLASSIFIED
,train,data/raw/gyu_det/v3/extracted/train/train/images/4602.JPG,,cff76869772b745f4dd08b5046e6ab8332f4a38126342e1ace66f98191278836,,[],,,,UNLABELED_UNCLASSIFIED
,train,data/raw/gyu_det/v3/extracted/train/train/images/4603.JPG,,3a87209cc4eaccd03e35c04d1f5825e1b10987e09d0fd6b334baca248e790e3b,,[],,,,UNLABELED_UNCLASSIFIED
,train,data/raw/gyu_det/v3/extracted/train/train/images/4604.JPG,,b57d9592204b6745ae3cfb783c36dad41f7259364071a6b492980c9602a4c55c,,[],,,,UNLABELED_UNCLASSIFIED
,train,data/raw/gyu_det/v3/extracted/train/train/images/4605.JPG,,33f0f20563f05c346fa1da909972384404ea632fc7436c2eedffd63a0889e221,,[],,,,UNLABELED_UNCLASSIFIED
,train,data/raw/gyu_det/v3/extracted/train/train/images/4607.JPG,,cab7440f52fdbe85f34f7c75481158e9929fc1077cb04f41475676e6eece45aa,,[],,,,UNLABELED_UNCLASSIFIED
,train,data/raw/gyu_det/v3/extracted/train/train/images/4608.JPG,,0c41e201b124c1407ebcbe782294cf5efbbb17fcdd2764805e7f20b454825cb9,,[],,,,UNLABELED_UNCLASSIFIED
,train,data/raw/gyu_det/v3/extracted/train/train/images/4631.JPG,data/raw/gyu_det/v3/extracted/train/train/labels/4631.txt,3001b5bcac75b02bf48b74f736a8a1035d1aba418198dc6b0958d7586a46046e,5,"[1, 5]",EXACT_1,LG_87cfb1d048ef6841,,APPROVED_BASELINE_V1_CONFLICT_GROUP_EXCLUSION
,train,data/raw/gyu_det/v3/extracted/train/train/images/4805.JPG,,d4e13241afc20fd5c90bdedd22419d1f13844aa3a13101a527b9e326dc921249,,[],,,,UNLABELED_UNCLASSIFIED
,train,data/raw/gyu_det/v3/extracted/train/train/images/4864.JPG,,c7ba2bf0d811c44ba61b6870422086d5dab367acfa5ddd97c3b2d094dfda3e4b,,[],,,,UNLABELED_UNCLASSIFIED
,train,data/raw/gyu_det/v3/extracted/train/train/images/4870.JPG,,4fd44c68ae256c9d3fcd5a619e18f0241ef18225f8d22f833f55373bc37eab21,,[],,,,UNLABELED_UNCLASSIFIED
,train,data/raw/gyu_det/v3/extracted/train/train/images/4871.JPG,,91f8455e8f2e83c0f12eff505991c15fb778723c0ec559742b1769f9d950c852,,[],,,,UNLABELED_UNCLASSIFIED
,train,data/raw/gyu_det/v3/extracted/train/train/images/4872.JPG,,66ac6d71fcc71e52ce276fd69dac4e1e82f08d0905c5b7bead1d900a1c079fea,,[],,,,UNLABELED_UNCLASSIFIED
,train,data/raw/gyu_det/v3/extracted/train/train/images/4876.JPG,,16f901f99029e59bf6e78e961a6b95444509fe4619997126dd9547d79a5d5a22,,[],,,,UNLABELED_UNCLASSIFIED
,train,data/raw/gyu_det/v3/extracted/train/train/images/4900.JPG,,b0d79b9c0de8d9c93ec752e8b065d884a1dca3360ed0f9c5e3ba91d9d27770e6,,[],,,,UNLABELED_UNCLASSIFIED
,train,data/raw/gyu_det/v3/extracted/train/train/images/4901.JPG,,19b3e7ee9861a30a8218c4ad1237b49846bdbcd3071e469305d1a85dc30ab63e,,[],,,,UNLABELED_UNCLASSIFIED
,train,data/raw/gyu_det/v3/extracted/train/train/images/4902.JPG,,5b7a50194624562b7e85f8cb0f74cfbd011b67010e7578abd1f1a5d47ec99bc9,,[],,,,UNLABELED_UNCLASSIFIED
,train,data/raw/gyu_det/v3/extracted/train/train/images/4946.JPG,,d9b60e7c1fffff2374973c913f464570c92cd7d17276fca30d241dddf3ec9ce9,,[],,,,UNLABELED_UNCLASSIFIED
,train,data/raw/gyu_det/v3/extracted/train/train/images/4947.JPG,,4017b95ef32165ea6bedf162bd46d56a17aa0464121a8ffd82e847a5ddc875b5,,[],,,,UNLABELED_UNCLASSIFIED
,train,data/raw/gyu_det/v3/extracted/train/train/images/4949.JPG,,7b6db70c7de164db9f22584991515c8923075e8cb3fa4c430a81a7c48040bb61,,[],,,,UNLABELED_UNCLASSIFIED
,train,data/raw/gyu_det/v3/extracted/train/train/images/4950.JPG,,60b8c17cbaa725dd9d57db47e13df02c7336a2af54be3231841f663f15a8e994,,[],,,,UNLABELED_UNCLASSIFIED
,train,data/raw/gyu_det/v3/extracted/train/train/images/4951.JPG,,90003fd51be47c739fc71c04dd89929e9e462fc970fdd4463d7621e5694b94b7,,[],,,,UNLABELED_UNCLASSIFIED
,train,data/raw/gyu_det/v3/extracted/train/train/images/4952.JPG,,f66d15eacc3eaee23cc67ec6ae7197c177259d8d963e9b6bbde30396623113a7,,[],,,,UNLABELED_UNCLASSIFIED
,train,data/raw/gyu_det/v3/extracted/train/train/images/4954.JPG,,31bc285f3405e38485881685537730bf9553acf260f6ed37b524cc2fe7c2d9bf,,[],,,,UNLABELED_UNCLASSIFIED
,train,data/raw/gyu_det/v3/extracted/train/train/images/4958.JPG,,b33ba63c72182b47107e77e50387f0e6c4efd3494bff74496374b45b44826562,,[],,,,UNLABELED_UNCLASSIFIED
,train,data/raw/gyu_det/v3/extracted/train/train/images/4960.JPG,,653e5842a4f2bc783efe81b33c6e675f6a8f0d1ab60afe8db87428cf5ef05e9f,,[],,,,UNLABELED_UNCLASSIFIED
,train,data/raw/gyu_det/v3/extracted/train/train/images/4961.JPG,,86299b2d6fb3efbe05bb533ac22967776ee9c98be3234b86721b525f49dcec32,,[],,,,UNLABELED_UNCLASSIFIED
,train,data/raw/gyu_det/v3/extracted/train/train/images/4962.JPG,,982384d7490e0c237999de2e4c8ccaaa0e9b7e0aaff6e5b9686da15059a3cad6,,[],,,,UNLABELED_UNCLASSIFIED
,train,data/raw/gyu_det/v3/extracted/train/train/images/4963.JPG,,997f5f4dc728335b9f1a66abff737e0371a2eb43800880c1d1c5f3e9db45a3cc,,[],,,,UNLABELED_UNCLASSIFIED
,train,data/raw/gyu_det/v3/extracted/train/train/images/4966.JPG,,743378bbfdf00f9d99ae993aebf5bb6e44fb3a9de3d5a6fed662e13fb5372685,,[],,,,UNLABELED_UNCLASSIFIED
,train,data/raw/gyu_det/v3/extracted/train/train/images/4968.JPG,,a3f058967c89c38f6d3eb44495739eafb533423cb76e53c4965a25bf86043cd4,,[],,,,UNLABELED_UNCLASSIFIED
,train,data/raw/gyu_det/v3/extracted/train/train/images/4969.JPG,,42f97b333e41c1e83a4edeccdec8b9d8bf9fa9e55506e1213c285b7711917606,,[],,,,UNLABELED_UNCLASSIFIED
,train,data/raw/gyu_det/v3/extracted/train/train/images/4971.JPG,,54e8cc834f8eea5ce1741eb58a13b75bd8b3de695c5a2edac3fb32a709a666f2,,[],,,,UNLABELED_UNCLASSIFIED
,train,data/raw/gyu_det/v3/extracted/train/train/images/4976.JPG,,d97fbe0847123df75bde2135e6eb6b937f32705ec628d7ef26225655e2534147,,[],,,,UNLABELED_UNCLASSIFIED
,train,data/raw/gyu_det/v3/extracted/train/train/images/4977.JPG,,09ea5a4af9355bbf08681ebba9c2a3d766312e152d0188a75e3073d249932434,,[],,,,UNLABELED_UNCLASSIFIED
,train,data/raw/gyu_det/v3/extracted/train/train/images/4978.JPG,,d6b659f8e5a502b9cf3a3e272582269d99250c875bd4babb3b1c90e93ea7f43b,,[],,,,UNLABELED_UNCLASSIFIED
,train,data/raw/gyu_det/v3/extracted/train/train/images/4979.JPG,,ee1dbbd7b659c385876df34b6b956691baebe5e4b77409b949ba7ee3b92d323c,,[],,,,UNLABELED_UNCLASSIFIED
,train,data/raw/gyu_det/v3/extracted/train/train/images/4980.JPG,,54394e77746a589ff92f6486b5b73d2d166a66e0ecba309ebb9c743aed6b3262,,[],,,,UNLABELED_UNCLASSIFIED
,train,data/raw/gyu_det/v3/extracted/train/train/images/4981.JPG,,d968a43f903359f2376485395c863dfe6322c6f618f3019245c368513bd08e84,,[],,,,UNLABELED_UNCLASSIFIED
,train,data/raw/gyu_det/v3/extracted/train/train/images/4983.JPG,,42e9f75b40432d338c1eac523bde6930ee9caf3a9738f6b5af0f9da0eb87e2aa,,[],,,,UNLABELED_UNCLASSIFIED
,train,data/raw/gyu_det/v3/extracted/train/train/images/5044.JPG,,7de7f5d51a40c6174c9580db8725043bddc9cc75f68db8a4939eaf0f15cb93bb,,[],,,,UNLABELED_UNCLASSIFIED
,train,data/raw/gyu_det/v3/extracted/train/train/images/5048.JPG,,52e5361277b1514c6d5ae41181b2d72cf491a27dd1949a9cbadd5f33ed29d629,,[],,,,UNLABELED_UNCLASSIFIED
,train,data/raw/gyu_det/v3/extracted/train/train/images/5052.JPG,,891ad2118af6b635cf3bd4a2dce7a384158b4bdd219792b13b92dee703e99744,,[],,,,UNLABELED_UNCLASSIFIED
,train,data/raw/gyu_det/v3/extracted/train/train/images/5055.JPG,,10066c03e7ec5c4fea0319290f1f44d5a7186a4b7d2ff2eef5a333ccecdf20ed,,[],,,,UNLABELED_UNCLASSIFIED
,train,data/raw/gyu_det/v3/extracted/train/train/images/5056.JPG,,390d40b5b9c3443973054b6fab3014dca8cef76d9a5dc891a6f3ec4ecdea21fc,,[],,,,UNLABELED_UNCLASSIFIED
,train,data/raw/gyu_det/v3/extracted/train/train/images/5061.JPG,,5c7fff14864515ffbb8c56a7558cdf28718897ddb5d60729b8b76fdb186bee17,,[],,,,UNLABELED_UNCLASSIFIED
,train,data/raw/gyu_det/v3/extracted/train/train/images/5064.JPG,,3660651cd72cbcc83c872a7459a073dda4762294504d01cdf1ae349bb7bd6ba9,,[],,,,UNLABELED_UNCLASSIFIED
,train,data/raw/gyu_det/v3/extracted/train/train/images/5065.JPG,,0d78014169132972a7131959a3a2c2231184d2222d71d136922b19a40730ec60,,[],,,,UNLABELED_UNCLASSIFIED
,train,data/raw/gyu_det/v3/extracted/train/train/images/5067.JPG,,83adf39fb984cb95686070fe2bd9f05493f3a5f70a7e8ceb921d79952c0c5a31,,[],,,,UNLABELED_UNCLASSIFIED
,train,data/raw/gyu_det/v3/extracted/train/train/images/5068.JPG,,c414c2eed0c485e83791bd7ec0760a76247743705dc3f851397e2447e7ca806b,,[],,,,UNLABELED_UNCLASSIFIED
,train,data/raw/gyu_det/v3/extracted/train/train/images/5080.JPG,,315a6ae7bae4f99adfe5e8c19b935e65ee307c8154cd7c812f92dc5d8ec5ae8a,,[],,,,UNLABELED_UNCLASSIFIED
,train,data/raw/gyu_det/v3/extracted/train/train/images/5084.JPG,,1eb5891247174f558a07a0503f73162387a1283f91ffb073d40dc28d47942031,,[],,,,UNLABELED_UNCLASSIFIED
,train,data/raw/gyu_det/v3/extracted/train/train/images/5085.JPG,,d6f95be635c447172f05b94ae90f1abcddbe595842c5aebc63d12abd0914254f,,[],,,,UNLABELED_UNCLASSIFIED
,train,data/raw/gyu_det/v3/extracted/train/train/images/5086.JPG,,cd9934ebda2f07c5e09c9899f79227fb89b21a5adead7c1b3bf4fd8867a6fe28,,[],,,,UNLABELED_UNCLASSIFIED
,train,data/raw/gyu_det/v3/extracted/train/train/images/5089.JPG,,50f159b6be28784cffaf41e3f506284ede19dc76e3c87ffd9a9c856dc618bee5,,[],,,,UNLABELED_UNCLASSIFIED
,train,data/raw/gyu_det/v3/extracted/train/train/images/5090.JPG,,1e6bf03ea586e57cad7072fdf7698ebbf2188e94510e10f165169856b415ff56,,[],,,,UNLABELED_UNCLASSIFIED
,train,data/raw/gyu_det/v3/extracted/train/train/images/5091.JPG,,df88d97e714bf5dfc26ee5859ce2ba609ee3a648cb20a0857a03397778c80eab,,[],,,,UNLABELED_UNCLASSIFIED
,train,data/raw/gyu_det/v3/extracted/train/train/images/5092.JPG,,5db6c21f2da7fc650e9c4370bc0e5a02a9189ad563e09f98d1ab3eec936e7337,,[],,,,UNLABELED_UNCLASSIFIED
,train,data/raw/gyu_det/v3/extracted/train/train/images/5093.JPG,,b9ed0169545fd8811e1ffb87b00f2e1ed7c0ec0902df8d093fda4aac9670ebf1,,[],,,,UNLABELED_UNCLASSIFIED
,train,data/raw/gyu_det/v3/extracted/train/train/images/5094.JPG,,335611534014e2a1b782d308cc7dc2a12151ea8083a73cb391e2950a71bc48a0,,[],,,,UNLABELED_UNCLASSIFIED
,train,data/raw/gyu_det/v3/extracted/train/train/images/5097.JPG,,3381595acb3e82a1d35758ce79ff8fd09c77f60aa99a08fc49252bc9cdd9f969,,[],,,,UNLABELED_UNCLASSIFIED
,train,data/raw/gyu_det/v3/extracted/train/train/images/5102.JPG,,c9a4eb0d9ac8d3b7a650a10300dba191c958606c110ea0522c430728d9208eef,,[],,,,UNLABELED_UNCLASSIFIED
,train,data/raw/gyu_det/v3/extracted/train/train/images/5103.JPG,,c3a4a1dad4e60066f019051ecdf9c4a2c1f355b60ca78894d801475b595ce85b,,[],,,,UNLABELED_UNCLASSIFIED
,train,data/raw/gyu_det/v3/extracted/train/train/images/5106.JPG,,5f4ecd2465a984d76465029d1efef781df34e17297492893b4080f84b1ccd0f7,,[],,,,UNLABELED_UNCLASSIFIED
,train,data/raw/gyu_det/v3/extracted/train/train/images/5107.JPG,,dd00dd04dc4bfaed3e4bf1f4aa9c491d3371b044ff1513999c7b368b4f29360a,,[],,,,UNLABELED_UNCLASSIFIED
,train,data/raw/gyu_det/v3/extracted/train/train/images/5108.JPG,,8ea16a4080f2e9dfc37d55aea5fd192ed7582ea9ccd5245687acaa30353f636f,,[],,,,UNLABELED_UNCLASSIFIED
,train,data/raw/gyu_det/v3/extracted/train/train/images/5115.JPG,,01064eea3aed82dfa8a465a2647b401669397c29b1665c02f8c978658315e5a9,,[],,,,UNLABELED_UNCLASSIFIED
,train,data/raw/gyu_det/v3/extracted/train/train/images/5116.JPG,,89569a9caaec591a5edfa7c5a416db09bf4e79498caa29145d8585ce8140677c,,[],,,,UNLABELED_UNCLASSIFIED
,train,data/raw/gyu_det/v3/extracted/train/train/images/5122.JPG,,f4450b0390daee7d13a63e21e6b1aa685707d29e01cabd35f92b79961f25bf6c,,[],,,,UNLABELED_UNCLASSIFIED
,train,data/raw/gyu_det/v3/extracted/train/train/images/5123.JPG,,1917c1dac95dd6669396115134af66f22bd442476925e9dd368f449a0cc3cac2,,[],,,,UNLABELED_UNCLASSIFIED
,train,data/raw/gyu_det/v3/extracted/train/train/images/5124.JPG,,d412ff7de3c497acab9170f653e6156e00a1b06b4d58cada6351a637e8a4fc77,,[],,,,UNLABELED_UNCLASSIFIED
,train,data/raw/gyu_det/v3/extracted/train/train/images/5125.JPG,,9fd8ef4b69eb4f038aaa480aa94855b7ca7d88791c436976b8ad90b6322b4dbd,,[],,,,UNLABELED_UNCLASSIFIED
,train,data/raw/gyu_det/v3/extracted/train/train/images/5127.JPG,,2ed937134ebec92f65ef97c4f590012a0000af29c3a01e488759aee74a1f9fa1,,[],,,,UNLABELED_UNCLASSIFIED
,train,data/raw/gyu_det/v3/extracted/train/train/images/5129.JPG,,4bfc701fe6e613fe477c28952d149657c00abe509560b8229c6d5d0d490a2f8f,,[],,,,UNLABELED_UNCLASSIFIED
,train,data/raw/gyu_det/v3/extracted/train/train/images/5131.JPG,,5f1f399710aca4f675874a8ee0fc10df98b51ae786c5107e166b3575310770a1,,[],,,,UNLABELED_UNCLASSIFIED
,train,data/raw/gyu_det/v3/extracted/train/train/images/5135.JPG,,c8629b7694bd33bfa1d755df450cfc32699da0eb2c8bcf2c38fb450c0b9d40c1,,[],,,,UNLABELED_UNCLASSIFIED
,train,data/raw/gyu_det/v3/extracted/train/train/images/5136.JPG,,e0eab72a5c95dfaeec3686a639f79c6f9c7d8085466255d0c85abc44fcac385a,,[],,,,UNLABELED_UNCLASSIFIED
,train,data/raw/gyu_det/v3/extracted/train/train/images/5138.JPG,,e6a618812fffcf550f29564d4416de2b027f291cf4b4ff7c58ef1cf3321f54af,,[],,,,UNLABELED_UNCLASSIFIED
,train,data/raw/gyu_det/v3/extracted/train/train/images/5139.JPG,,016c5df01c68b32e9dd8483ee7d7df71f7fb4e4d9712c955ee733ea6865db648,,[],,,,UNLABELED_UNCLASSIFIED
,train,data/raw/gyu_det/v3/extracted/train/train/images/5143.JPG,,f769c0e52d681c9b623df04e55b77285bece1ad9e463cf9abba6b0dd81f3a55c,,[],,,,UNLABELED_UNCLASSIFIED
,train,data/raw/gyu_det/v3/extracted/train/train/images/5144.JPG,,e213655982aeabb6dd806d8e509bfb29c6dc191b98ea620174b779436e13fc37,,[],,,,UNLABELED_UNCLASSIFIED
,train,data/raw/gyu_det/v3/extracted/train/train/images/5146.JPG,,3f96df99e03c5587a848db2a4a2806bb5cb259a8584a044a8c1e22114ded19d6,,[],,,,UNLABELED_UNCLASSIFIED
,train,data/raw/gyu_det/v3/extracted/train/train/images/5148.JPG,,9e085d111b4dec1385f1d1a5a42e82173fcee73cc722246fd16341d445ad6e07,,[],,,,UNLABELED_UNCLASSIFIED
,train,data/raw/gyu_det/v3/extracted/train/train/images/5156.JPG,,9c04b3db9cc45d2437d91d5a617b8e7517848cda0bc38bc2d78a31f02aff1c2c,,[],,,,UNLABELED_UNCLASSIFIED
,train,data/raw/gyu_det/v3/extracted/train/train/images/5158.JPG,,acf020830d6200e2e2ff10286ce47a8e57f9c3b6382fa29beef731de801e6725,,[],,,,UNLABELED_UNCLASSIFIED
,train,data/raw/gyu_det/v3/extracted/train/train/images/5159.JPG,,3d70dedda33ae14da023dfb4a303eda7872a071e4c1cabaf743b65efe3e65ab9,,[],,,,UNLABELED_UNCLASSIFIED
,train,data/raw/gyu_det/v3/extracted/train/train/images/5162.JPG,,e8a71f802236a1041df1acc65e579869d7415eb91fd77bed337ab268871fb6da,,[],,,,UNLABELED_UNCLASSIFIED
,train,data/raw/gyu_det/v3/extracted/train/train/images/5190.JPG,,b763e355a81d094e8e8d5150bfcf12b6e2c3f23dd778a7a216fe452d47fb6bfa,,[],,,,UNLABELED_UNCLASSIFIED
,train,data/raw/gyu_det/v3/extracted/train/train/images/52.JPG,,e0ceacc8748d8b08480af003ed4be017c928de6ba04479edea6c79e219710825,,[],,,,UNLABELED_UNCLASSIFIED
,train,data/raw/gyu_det/v3/extracted/train/train/images/5201.JPG,,14ed0ae5cc55e1374ebe2c1a2ed1525fc2ea0ebc97e8836acd9f39e2c2f68e4e,,[],,,,UNLABELED_UNCLASSIFIED
,train,data/raw/gyu_det/v3/extracted/train/train/images/5208.JPG,,01c4e88b294d8d59cc89568a3267b27baca89cd443f583f46397f81d1952876e,,[],,,,UNLABELED_UNCLASSIFIED
,train,data/raw/gyu_det/v3/extracted/train/train/images/5242.JPG,,db8e2519a0f2c8554b160e80a3bbe5c698be18467bdd84a856702a63dadf4d56,,[],,,,UNLABELED_UNCLASSIFIED
,train,data/raw/gyu_det/v3/extracted/train/train/images/5290.JPG,,ba31a216fc6ff6f714dfa6570be64f8add433a38d24f43aa8039506aff61ce26,,[],,,,UNLABELED_UNCLASSIFIED
,train,data/raw/gyu_det/v3/extracted/train/train/images/5298.JPG,,4325e76f2b3c0d779905733bfe7248e8e78a8958e6d61e58d42c8c7013028e94,,[],,,,UNLABELED_UNCLASSIFIED
,train,data/raw/gyu_det/v3/extracted/train/train/images/5302.JPG,,4e066cd5135b2049b50fb4e604091b68810cf3ecfba838d2f5427f8539035b69,,[],,,,UNLABELED_UNCLASSIFIED
,train,data/raw/gyu_det/v3/extracted/train/train/images/5320.JPG,,f0289343d464f7b0f85af3c9a4c77e85858e0c910144a2a2eda101e2a043ba9a,,[],,,,UNLABELED_UNCLASSIFIED
,train,data/raw/gyu_det/v3/extracted/train/train/images/5330.JPG,,3c070eae844adfec4c4e269d971a3816a41e65110744b265e4f3f5ede568c751,,[],,,,UNLABELED_UNCLASSIFIED
,train,data/raw/gyu_det/v3/extracted/train/train/images/5333.JPG,,95109f27435b38aa2c7fe4bae44b106acb9ed723362d794dccbfc6d5277a4d23,,[],,,,UNLABELED_UNCLASSIFIED
,train,data/raw/gyu_det/v3/extracted/train/train/images/5334.JPG,,8708b4353a013511cd6a9016a4156560550a925f2ed02315d02284f2cd230534,,[],,,,UNLABELED_UNCLASSIFIED
,train,data/raw/gyu_det/v3/extracted/train/train/images/5346.JPG,,0a659dbe9178589d0ca613d4fb49ee35ad1fdd54529395c4f6081b760d251613,,[],,,,UNLABELED_UNCLASSIFIED
,train,data/raw/gyu_det/v3/extracted/train/train/images/5355.JPG,,0ee1029720c8553fa48b56329f6b475c81eba7d15df8197878af4d368612a510,,[],,,,UNLABELED_UNCLASSIFIED
,train,data/raw/gyu_det/v3/extracted/train/train/images/5356.JPG,,b2f82f94ada258abbd9a1283dc9e6fa68b9c1ec1c38cf850a6c015c5baa96990,,[],,,,UNLABELED_UNCLASSIFIED
,train,data/raw/gyu_det/v3/extracted/train/train/images/5357.JPG,,3ea5262284ca12df5a8d5bbc309b31de423d5e014fb7985e0d25cae7531d645b,,[],,,,UNLABELED_UNCLASSIFIED
,train,data/raw/gyu_det/v3/extracted/train/train/images/5360.JPG,,920f959ee0504998587d0108bb847fe6e4408849c6b42206fecd288f4ad02ede,,[],,,,UNLABELED_UNCLASSIFIED
,train,data/raw/gyu_det/v3/extracted/train/train/images/5364.JPG,,6e47a2f0d5766372df8b5362ebcf11b8db3642a59c9e198d2608aef367a1e3bc,,[],,,,UNLABELED_UNCLASSIFIED
,train,data/raw/gyu_det/v3/extracted/train/train/images/5370.JPG,,100082e674eb475fe2be81ed2b90bf73e6a2cebd38c02dd66306d32404d5c004,,[],,,,UNLABELED_UNCLASSIFIED
,train,data/raw/gyu_det/v3/extracted/train/train/images/5377.JPG,,60ccba3ab4437711f267eecab7da222e77468c8c4cdbc49e6a7d3385e91e71ae,,[],,,,UNLABELED_UNCLASSIFIED
,train,data/raw/gyu_det/v3/extracted/train/train/images/5385.JPG,,a0a3841a0564ce342be0cc6c54e3aa14055ad669040ad2e8042805778314982c,,[],,,,UNLABELED_UNCLASSIFIED
,train,data/raw/gyu_det/v3/extracted/train/train/images/5390.JPG,,f90d5605dbe5d3e5145caef9b9d6a08c0dc6b27e18538f6b6b888a6a41af11d2,,[],,,,UNLABELED_UNCLASSIFIED
,train,data/raw/gyu_det/v3/extracted/train/train/images/5410.JPG,,b9625ffc846f902ac5c897b8aa3c1ace8fbc043371c48ef80e52eaa965b2372b,,[],,,,UNLABELED_UNCLASSIFIED
,train,data/raw/gyu_det/v3/extracted/train/train/images/5430.JPG,,ad797e5cc7dbb4a735f22fdf8fcf67e528f7384f9e0652f1dda717c711310658,,[],,,,UNLABELED_UNCLASSIFIED
,train,data/raw/gyu_det/v3/extracted/train/train/images/5556.JPG,,65595610551f380d4c3014dd620cb645add4cdbb78dab780962b2e98288b3661,,[],,,,UNLABELED_UNCLASSIFIED
,train,data/raw/gyu_det/v3/extracted/train/train/images/5620.JPG,,82048e25398e8ee2d372f642ae3dceefc818ad42d8b963b09d445b1c4bb758c5,,[],,,,UNLABELED_UNCLASSIFIED
,train,data/raw/gyu_det/v3/extracted/train/train/images/5633.JPG,,411a716725b80ba7a6966ab4db683b0d554499ddaa5ae2e20bc1eb7051aa2d51,,[],,,,UNLABELED_UNCLASSIFIED
,train,data/raw/gyu_det/v3/extracted/train/train/images/5676.jpg,,1e2e183fafe70cc8868ba846d3417b92bb8c1defc0dd4e9e0cac988cf3da2ad2,,[],,,,UNLABELED_UNCLASSIFIED
,train,data/raw/gyu_det/v3/extracted/train/train/images/5857.JPG,,8a493c97ee84f706c8e1acce49c36b03db1048760df9a37ff1b54adf7785ee6a,,[],,,,UNLABELED_UNCLASSIFIED
,train,data/raw/gyu_det/v3/extracted/train/train/images/588.JPG,,10e8d07913b00f139b441b8a44969b780f3050c0706d68da19bf50a7dde546e3,,[],,,,UNLABELED_UNCLASSIFIED
,train,data/raw/gyu_det/v3/extracted/train/train/images/60.JPG,,f1af6ad67c16547bd677692f838853560faa9afab4ea0d392d6f21458db5e024,,[],,,,UNLABELED_UNCLASSIFIED
,train,data/raw/gyu_det/v3/extracted/train/train/images/6069.JPG,,9e466261ccf3f2ca2ca11a4542a9c69557f200c23e5fc837049f43b80b320621,,[],,,,UNLABELED_UNCLASSIFIED
,train,data/raw/gyu_det/v3/extracted/train/train/images/6087.JPG,,33700d8195b057c86d4e5cc153c9f98b05d060b678192ded6ed0d2a8435da7ab,,[],,,,UNLABELED_UNCLASSIFIED
,train,data/raw/gyu_det/v3/extracted/train/train/images/6103.JPG,,08a41c036dacbf478b636aec1f15fe4d5a191aa3b896fa877107018f33820dea,,[],,,,UNLABELED_UNCLASSIFIED
,train,data/raw/gyu_det/v3/extracted/train/train/images/6109.JPG,,c25b48091cd4588298befd79c67f6d5446a493058d967af2b8e2acd7d9400b97,,[],,,,UNLABELED_UNCLASSIFIED
,train,data/raw/gyu_det/v3/extracted/train/train/images/6121.JPG,,fed0c87c8c1852bf686e07f1b7fd8c908e956cc6df1816cfbf406599e8d46d13,,[],,,,UNLABELED_UNCLASSIFIED
,train,data/raw/gyu_det/v3/extracted/train/train/images/6129.JPG,,9353d0e2bb5d277cc161f6d6aeccb75921731e029ab804565bb7cceebca563a1,,[],,,,UNLABELED_UNCLASSIFIED
,train,data/raw/gyu_det/v3/extracted/train/train/images/624.JPG,,21422ec5dec573f60bedd04426496e9ec05f80064be946247ccdfdd34ad4dc9f,,[],,,,UNLABELED_UNCLASSIFIED
,train,data/raw/gyu_det/v3/extracted/train/train/images/6242.JPG,,bc0dc863a00c1dc6f00a3ce5c366e32337f8cea01bcb0e6392c4c5a96a04ce06,,[],,,,UNLABELED_UNCLASSIFIED
,train,data/raw/gyu_det/v3/extracted/train/train/images/6244.JPG,,2485ff707283af37fa1fa858aeb224c7a50fda547e36ffa3ca2fada76654c2ec,,[],,,,UNLABELED_UNCLASSIFIED
,train,data/raw/gyu_det/v3/extracted/train/train/images/6287.JPG,,4f005b4cb6ef03a5d9bef55f03c090ff2842ec3b541bf058943c40e144d23502,,[],,,,UNLABELED_UNCLASSIFIED
,train,data/raw/gyu_det/v3/extracted/train/train/images/6298.JPG,,153159cb244987e1903f8a60fa527074d0533d40265d1c036538aa1604114811,,[],,,,UNLABELED_UNCLASSIFIED
,train,data/raw/gyu_det/v3/extracted/train/train/images/6398.JPG,,b3d0c08a8d2f7719c60de1bf180f0664c022228457d03c8b4d266d7843ec806a,,[],,,,UNLABELED_UNCLASSIFIED
,train,data/raw/gyu_det/v3/extracted/train/train/images/6409.JPG,,7f1574278a99c500520aab41c3910743d2787b80bf688dfe81bbdff3cecdd24d,,[],,,,UNLABELED_UNCLASSIFIED
,train,data/raw/gyu_det/v3/extracted/train/train/images/6479.JPG,,26e7b90b9c80d7b1238bd96f5020a462f9d5e7d235826c14da804cb8fc0cf9e5,,[],,,,UNLABELED_UNCLASSIFIED
,train,data/raw/gyu_det/v3/extracted/train/train/images/6509.JPG,,ac77191bf97cf7a8825319e8203d4bb5ac6d33f41937599f29623b843f85b1b0,,[],,,,UNLABELED_UNCLASSIFIED
,train,data/raw/gyu_det/v3/extracted/train/train/images/6520.JPG,,4ff9018dd19774fd103d50607bed31c210811a237919ee7563ba5492c5e38c75,,[],,,,UNLABELED_UNCLASSIFIED
,train,data/raw/gyu_det/v3/extracted/train/train/images/6546.JPG,,851f0d022e748160556a25863c4ab5a4c117823c3774374378e6fb4d45561066,,[],,,,UNLABELED_UNCLASSIFIED
,train,data/raw/gyu_det/v3/extracted/train/train/images/6547.JPG,,ab903e9896d69ab71ec1bbe4f03e953b8f9b21f424d755d6938949926fafc728,,[],,,,UNLABELED_UNCLASSIFIED
,train,data/raw/gyu_det/v3/extracted/train/train/images/6553.JPG,,e69f9dc266e82f87d13c8db7919bef5501a16509f172166b5d7ef75f640b11bc,,[],,,,UNLABELED_UNCLASSIFIED
,train,data/raw/gyu_det/v3/extracted/train/train/images/6555.JPG,,3d720519b0d3fb6151a6f40a6770533c022a118d5ca4d2c14dce7d3f6af4fc90,,[],,,,UNLABELED_UNCLASSIFIED
,train,data/raw/gyu_det/v3/extracted/train/train/images/6556.JPG,,aca8260f37fe450dba7c9e20987ed18781da6d8e9a0828579b28685d95bc839a,,[],,,,UNLABELED_UNCLASSIFIED
,train,data/raw/gyu_det/v3/extracted/train/train/images/6565.JPG,,cac8b8c2a14a67168b16e8ee0d2253cf3c5aadab2f4ad69d0d8d6f0de6826db1,,[],,,,UNLABELED_UNCLASSIFIED
,train,data/raw/gyu_det/v3/extracted/train/train/images/6569.JPG,,f1c8552be35c1ddd461f13dd003ce9711cdfae7421ac27dd0bd022343412a2c3,,[],,,,UNLABELED_UNCLASSIFIED
,train,data/raw/gyu_det/v3/extracted/train/train/images/6571.JPG,,36f82ea2bc893602e88872bef98a50aa0b7ab18a42765af0f84fb246efd20bbd,,[],,,,UNLABELED_UNCLASSIFIED
,train,data/raw/gyu_det/v3/extracted/train/train/images/6598.jpg,,50c8c8e3fa6002c89672ffa219b3c7636dc8d1a923fd4afd2df8abd0b2bebf69,,[],,,,UNLABELED_UNCLASSIFIED
,train,data/raw/gyu_det/v3/extracted/train/train/images/6609.jpg,,d1b0cbb58d214ddaddb50260060ad4c21c8b7080e5a955a6b7bd113fa4553528,,[],,,,UNLABELED_UNCLASSIFIED
,train,data/raw/gyu_det/v3/extracted/train/train/images/6633.JPG,,aa074796758d12e40581243c5a27121f76d02f89aedf1a422de88937dca00400,,[],,,,UNLABELED_UNCLASSIFIED
,train,data/raw/gyu_det/v3/extracted/train/train/images/6668.JPG,,f44dc7337be1e27fba21c7a4c240f684f1be08eac5b74b1a9839b4f05ed7b836,,[],,,,UNLABELED_UNCLASSIFIED
,train,data/raw/gyu_det/v3/extracted/train/train/images/667.JPG,,61f5de36724b99cce76c657fdde4d6fcc69d668fac41ca4d081871ec00992b00,,[],,,,UNLABELED_UNCLASSIFIED
,train,data/raw/gyu_det/v3/extracted/train/train/images/6678.JPG,,d8e3a8b6524dd29887fecbcfb7094b0abc0fce4aa04ca520c0de8ddbcb13cff2,,[],,,,UNLABELED_UNCLASSIFIED
,train,data/raw/gyu_det/v3/extracted/train/train/images/6720.JPG,,d4710b535e670bc005ae102abe9c889a3b0a87c25ace0a2df7b56765d4a5a467,,[],,,,UNLABELED_UNCLASSIFIED
,train,data/raw/gyu_det/v3/extracted/train/train/images/6723.JPG,,d50f97623081ab1c5c2f863f07ff4d86801cad7b9b17c598f027cb37ffd0fcf9,,[],,,,UNLABELED_UNCLASSIFIED
,train,data/raw/gyu_det/v3/extracted/train/train/images/6724.JPG,,fd5f99a0e25e43dd8c4c905b0face6bea071bcb1b09b9722694a266c3969575a,,[],,,,UNLABELED_UNCLASSIFIED
,train,data/raw/gyu_det/v3/extracted/train/train/images/6726.JPG,,55aba5a26f3796c2b658cbeadf6852c7edd9fdbb6e116756286f66a4aeb2d599,,[],,,,UNLABELED_UNCLASSIFIED
,train,data/raw/gyu_det/v3/extracted/train/train/images/6750.JPG,,7e19cd13b0f9fe12795f3ed846d05b43481392ed0605ea1b092191cc9a729a25,,[],,,,UNLABELED_UNCLASSIFIED
,train,data/raw/gyu_det/v3/extracted/train/train/images/6751.JPG,,716c3d198245030101f2d73fe200a7fa8642e9a90d33efacb59dbcf9b375c09c,,[],,,,UNLABELED_UNCLASSIFIED
,train,data/raw/gyu_det/v3/extracted/train/train/images/6759.JPG,,9e85ca83ea742853079c4a938c06347109a7d9dab0eb5c25c4d560634ab9c4d1,,[],,,,UNLABELED_UNCLASSIFIED
,train,data/raw/gyu_det/v3/extracted/train/train/images/6766.JPG,,7028e89f873aa43e616e820a7e3a810f14a530060fb99755ae9f265b7124a9b6,,[],,,,UNLABELED_UNCLASSIFIED
,train,data/raw/gyu_det/v3/extracted/train/train/images/6783.JPG,,bec6a7bf9a6460d17e2d20343401b03a58a525a68012b8e09efb501192939f12,,[],,,,UNLABELED_UNCLASSIFIED
,train,data/raw/gyu_det/v3/extracted/train/train/images/6798.JPG,,98750d7af18715cc70a6ccc4672eb986c1275cd72ce08febfc7e29d59d940ea5,,[],,,,UNLABELED_UNCLASSIFIED
,train,data/raw/gyu_det/v3/extracted/train/train/images/6799.JPG,,6495840630ae53676f38ca9bb753fffa9a373ed88477d547bc324f5d3d6be6f5,,[],,,,UNLABELED_UNCLASSIFIED
,train,data/raw/gyu_det/v3/extracted/train/train/images/6800.jpg,,f73577aa05cf2d24f585e7e4430b98940bd0a3f5678735c6d261129a40bb0af9,,[],,,,UNLABELED_UNCLASSIFIED
,train,data/raw/gyu_det/v3/extracted/train/train/images/6803.JPG,,aa937c794f6e6885ab41e9c60b7abd774570b4bd768390da7646aa9c256a651c,,[],,,,UNLABELED_UNCLASSIFIED
,train,data/raw/gyu_det/v3/extracted/train/train/images/6809.JPG,,02a3f46b3699f86fb73db23e2d7b2b02941a36a668bb2a84492b09e854ef4d26,,[],,,,UNLABELED_UNCLASSIFIED
,train,data/raw/gyu_det/v3/extracted/train/train/images/6819.JPG,,8cd161bd40800efad765daac79c2d046b97e7caa1c2868debe7d727ef3c5c217,,[],,,,UNLABELED_UNCLASSIFIED
,train,data/raw/gyu_det/v3/extracted/train/train/images/6822.JPG,,c8b01e8e23eb9dde3095659b951c0152e40b291d6e50545ba6cdca96c04c8476,,[],,,,UNLABELED_UNCLASSIFIED
,train,data/raw/gyu_det/v3/extracted/train/train/images/6833.JPG,,22447674b11393bf9f078758f622212074562b60e86dd6ac63b4fa27b82d28fb,,[],,,,UNLABELED_UNCLASSIFIED
,train,data/raw/gyu_det/v3/extracted/train/train/images/6855.JPG,,fd3af63efdeb239233e714c5efb87784971517525e2931f9a03c0d6e3bdc31a5,,[],,,,UNLABELED_UNCLASSIFIED
,train,data/raw/gyu_det/v3/extracted/train/train/images/6858.JPG,,9472c0113e281daac5176dc39854a8857b5c2f248da896f2dadd02b0eb3e7791,,[],,,,UNLABELED_UNCLASSIFIED
,train,data/raw/gyu_det/v3/extracted/train/train/images/6866.JPG,,00645bda0f5de5bd19bf953aa35933f4c04adbc2b30a67d5fc14da777b10e862,,[],,,,UNLABELED_UNCLASSIFIED
,train,data/raw/gyu_det/v3/extracted/train/train/images/6875.JPG,,6e1894d3adc453f618cd4d1d7639a9e5cdfdc24333641493ae41d7739b7abaf4,,[],,,,UNLABELED_UNCLASSIFIED
,train,data/raw/gyu_det/v3/extracted/train/train/images/6878.JPG,,7e44943034d81dc7ec14f0acc112e4bc0a1efcb133bdb90575270e1eb9de691d,,[],,,,UNLABELED_UNCLASSIFIED
,train,data/raw/gyu_det/v3/extracted/train/train/images/6888.JPG,,2a1468565d14e5f56b75f27bd4adc0ca7bc4563c904ea39b966c32f0edf4eba6,,[],,,,UNLABELED_UNCLASSIFIED
,train,data/raw/gyu_det/v3/extracted/train/train/images/6901.JPG,,7ede178207f278383f42bf5d228348019e8fef494e27e3283fe8c8c81a697da2,,[],,,,UNLABELED_UNCLASSIFIED
,train,data/raw/gyu_det/v3/extracted/train/train/images/6902.JPG,,730fbdc43deb38082091422a54c69dd9b4a5a0c6e290a49e1e8650dd40311387,,[],,,,UNLABELED_UNCLASSIFIED
,train,data/raw/gyu_det/v3/extracted/train/train/images/6933.JPG,,d669a714b2359ee7df60bea5a01aa7f27c40e074b02567f9a29d318b1f6400a0,,[],,,,UNLABELED_UNCLASSIFIED
,train,data/raw/gyu_det/v3/extracted/train/train/images/6938.JPG,,9d891ef190f7f6711a3899a95066dcb651f9891ad3121cdecfa994f88392e8ab,,[],,,,UNLABELED_UNCLASSIFIED
,train,data/raw/gyu_det/v3/extracted/train/train/images/6944.JPG,,3f61084fffbdc3fedbdf6c521a058e778ce757278ec86e389f02852e324e9da7,,[],,,,UNLABELED_UNCLASSIFIED
,train,data/raw/gyu_det/v3/extracted/train/train/images/6966.JPG,,afd5f506556774484f7a66958a9b62599f69add277308f2a521c763c2ee04985,,[],,,,UNLABELED_UNCLASSIFIED
,train,data/raw/gyu_det/v3/extracted/train/train/images/6973.JPG,,a7085def23d79b4ba5a272a73f85ab439fec4c31609ef3a2dd1328e4be61c7c8,,[],,,,UNLABELED_UNCLASSIFIED
,train,data/raw/gyu_det/v3/extracted/train/train/images/6977.JPG,,f01e7cae55a697a5fb28fddc19a4be999cdfc038ae8152593376e62c8ab0b1cd,,[],,,,UNLABELED_UNCLASSIFIED
,train,data/raw/gyu_det/v3/extracted/train/train/images/6991.JPG,,a5f0c3e2ed2934727f60b42665386b733a81268ec50fe977fee10fde00913817,,[],,,,UNLABELED_UNCLASSIFIED
,train,data/raw/gyu_det/v3/extracted/train/train/images/6994.JPG,,3ad35e550f6abfd32b5bb55d701fc06f50b6be56c5f5cf78048adb2af7aa5e6b,,[],,,,UNLABELED_UNCLASSIFIED
,train,data/raw/gyu_det/v3/extracted/train/train/images/70.JPG,,bfdc36499fcda93e28988c03ba8db8b1a4cd044a9f9912913bbe81fc1062f9e4,,[],,,,UNLABELED_UNCLASSIFIED
,train,data/raw/gyu_det/v3/extracted/train/train/images/7033.JPG,,468100d8dd25daef80f2368925816c10aa7987fa6da74c748c09a7f8f96a3637,,[],,,,UNLABELED_UNCLASSIFIED
,train,data/raw/gyu_det/v3/extracted/train/train/images/7034.JPG,,973448e62e292cf77ab297b03a8e5366e038d0ffc63c46bb5e60bc41a61c0dfa,,[],,,,UNLABELED_UNCLASSIFIED
,train,data/raw/gyu_det/v3/extracted/train/train/images/7037.JPG,,812c98bdee4ab878fb9bf8cce1a0e5e7e7117de03012c78d09ecf26fccf8df30,,[],,,,UNLABELED_UNCLASSIFIED
,train,data/raw/gyu_det/v3/extracted/train/train/images/7096.JPG,,5e88074b38e08bebf6325e485035933d4ec93e797fdf6f1773d3e969e3c73075,,[],,,,UNLABELED_UNCLASSIFIED
,train,data/raw/gyu_det/v3/extracted/train/train/images/7119.JPG,,e94efa7b50a9fc76b2e7b969304c89b25d4a7fdb26fba2dfb818250acfec6e51,,[],,,,UNLABELED_UNCLASSIFIED
,train,data/raw/gyu_det/v3/extracted/train/train/images/7183.JPG,,9dc83caf40dd9cd6f64292dc79eccae7882609ea52b1bb39f89a71b3ca62674b,,[],,,,UNLABELED_UNCLASSIFIED
,train,data/raw/gyu_det/v3/extracted/train/train/images/7185.JPG,,f3536a6ad229c5068ee0c5f10f3a023c3ea798be6ee1e3dc3483742f64ea2ac5,,[],,,,UNLABELED_UNCLASSIFIED
,train,data/raw/gyu_det/v3/extracted/train/train/images/7187.JPG,,cadf3f947b45dc612bd3d75776b2fee0a5d0b66e059357fcd528b4b2b64e5dc5,,[],,,,UNLABELED_UNCLASSIFIED
,train,data/raw/gyu_det/v3/extracted/train/train/images/7190.JPG,,f7cc1d662ba4fe8b28266b892cc34393294f3df5f5fdd10e557c0f05e696d409,,[],,,,UNLABELED_UNCLASSIFIED
,train,data/raw/gyu_det/v3/extracted/train/train/images/7191.JPG,,301493c5e37b14cf1645f0cf0d2106b38cb65c454d776fa9b53113cd0487d218,,[],,,,UNLABELED_UNCLASSIFIED
,train,data/raw/gyu_det/v3/extracted/train/train/images/72.JPG,,117a5c0244224dc814b4e32d7c6c04bcd3f5d29a1c6483600b0780c81db7c1c6,,[],,,,UNLABELED_UNCLASSIFIED
,train,data/raw/gyu_det/v3/extracted/train/train/images/8.JPG,,7c82172cd3d44ff84f45d6a188b5ac08f6013a808c3b9e4ac22d9942d53ecda1,,[],,,,UNLABELED_UNCLASSIFIED
,train,data/raw/gyu_det/v3/extracted/train/train/images/81.JPG,,da3b81a465b2667e54476cc7a69564f49b62eb2a39e3c46f199aa2a893599867,,[],,,,UNLABELED_UNCLASSIFIED
,train,data/raw/gyu_det/v3/extracted/train/train/images/8144.JPG,,e35c76b79c5ec23137acd72cc0d7d478103ac2a4bdbca91da822e49dc4cfead7,,[],,,,UNLABELED_UNCLASSIFIED
,train,data/raw/gyu_det/v3/extracted/train/train/images/8174.JPG,,d45d5107dd42f0bb42a80030d7d707edbe6ae751a0e6f3fac1dbff1c21e82b2f,,[],,,,UNLABELED_UNCLASSIFIED
,train,data/raw/gyu_det/v3/extracted/train/train/images/8179.JPG,,b7220490647d4a9c8e7c157bbba29e6e77f22ee2be7746e3412e652ca1aafd19,,[],,,,UNLABELED_UNCLASSIFIED
,train,data/raw/gyu_det/v3/extracted/train/train/images/8215.JPG,,223c57a16546fffcc5e4c3b8d5b7a632fb0abcda60edbecf873841f6275b7d70,,[],,,,UNLABELED_UNCLASSIFIED
,train,data/raw/gyu_det/v3/extracted/train/train/images/8221.JPG,,e6e7178b12c461831f0d1eb82807c4f297f048a38538a2fb7f9cf580796c13d1,,[],,,,UNLABELED_UNCLASSIFIED
,train,data/raw/gyu_det/v3/extracted/train/train/images/8230.JPG,,d6f78b1c0be4bcc7caf9fa929365671de2e08cc70a239556a7a99baf59f20e2e,,[],,,,UNLABELED_UNCLASSIFIED
,train,data/raw/gyu_det/v3/extracted/train/train/images/8237.JPG,,83a0c36448e49e89668286ed08f58292ae45411a099400a56ad48b302ca5839f,,[],,,,UNLABELED_UNCLASSIFIED
,train,data/raw/gyu_det/v3/extracted/train/train/images/83.JPG,,9ba50ba145fca5fbce85c588ea83163bf1217191d59ca867732cce1894e8288f,,[],,,,UNLABELED_UNCLASSIFIED
,train,data/raw/gyu_det/v3/extracted/train/train/images/8307.JPG,,554ad34a084813b530d435151e7e6cf7eaf822eebcdff60c766b4057e4fe5714,,[],,,,UNLABELED_UNCLASSIFIED
,train,data/raw/gyu_det/v3/extracted/train/train/images/8430.JPG,,453674424f5b8284ef6dbeb136a706ba61007e3950e2adada4cf278607fbfe9d,,[],,,,UNLABELED_UNCLASSIFIED
,train,data/raw/gyu_det/v3/extracted/train/train/images/8434.JPG,,9ee0b2cff5ef2a11bd5e06278a8d3cb8b47f6ea07d54a03258709931d4be9e7d,,[],,,,UNLABELED_UNCLASSIFIED
,train,data/raw/gyu_det/v3/extracted/train/train/images/8435.JPG,,a695926db111f56b2351ee165d6bc2d4f6cd18284e00465fb661ebbb7e4d2ab9,,[],,,,UNLABELED_UNCLASSIFIED
,train,data/raw/gyu_det/v3/extracted/train/train/images/8438.JPG,,80daf89e8f82ed54099047396c916b92c588122b00c0b209a8a4a307194fe548,,[],,,,UNLABELED_UNCLASSIFIED
,train,data/raw/gyu_det/v3/extracted/train/train/images/8439.JPG,,2996a0adf32ea1dd1f68284ccdbf80be0dc7e435bd4299d95dbeeb65911132a0,,[],,,,UNLABELED_UNCLASSIFIED
,train,data/raw/gyu_det/v3/extracted/train/train/images/8440.JPG,,72ce7feba9d6577941f3f1be60d7c55d4fa4214628ba155544cd545bff88901b,,[],,,,UNLABELED_UNCLASSIFIED
,train,data/raw/gyu_det/v3/extracted/train/train/images/8442.JPG,,746ce5b95e1d49d20246c5604d0dd0ae73f4f95706a64ddde9092cd736470c1c,,[],,,,UNLABELED_UNCLASSIFIED
,train,data/raw/gyu_det/v3/extracted/train/train/images/8443.JPG,,3409a16c1d263267eadb81394f2d0a831ba9eb3232727a94be0a330ac3222190,,[],,,,UNLABELED_UNCLASSIFIED
,train,data/raw/gyu_det/v3/extracted/train/train/images/8445.JPG,,02e5a6c0bf6c8d71f2d16908e5513037904ae044b7bc605488aeb844d7d43099,,[],,,,UNLABELED_UNCLASSIFIED
,train,data/raw/gyu_det/v3/extracted/train/train/images/8446.JPG,,7e87033d202578091ac7762e44a549d0e151ab6d066139718c7ecfd5b378a17e,,[],,,,UNLABELED_UNCLASSIFIED
,train,data/raw/gyu_det/v3/extracted/train/train/images/8454.JPG,,7e089daeca330dbb09488e22c50c388c3b0dcd1d03ca03fce2aa470c00fcafe0,,[],,,,UNLABELED_UNCLASSIFIED
,train,data/raw/gyu_det/v3/extracted/train/train/images/8503.JPG,,85d3ea88ec671239c37d0eed022fc360f40ceb375dcd4c62454944ae6aa26506,,[],,,,UNLABELED_UNCLASSIFIED
,train,data/raw/gyu_det/v3/extracted/train/train/images/8507.JPG,,e88498cbc9ef9990746d1659715718e0e3c7e88d070e1ac985fbf7a1ebb2f8c7,,[],,,,UNLABELED_UNCLASSIFIED
,train,data/raw/gyu_det/v3/extracted/train/train/images/8508.JPG,,ef51f821d501be4b16b7d0c4d9c43226609c5a5baae6cc00f4b6fddb0bc35a5b,,[],,,,UNLABELED_UNCLASSIFIED
,train,data/raw/gyu_det/v3/extracted/train/train/images/8512.JPG,,8a676eb075dbfae2e889d86d0519acf1bc01bc117a6b23561db21ccf56ff18dd,,[],,,,UNLABELED_UNCLASSIFIED
,train,data/raw/gyu_det/v3/extracted/train/train/images/8550.JPG,,b616805094f738a21d3af02fee2bf10c0fb28b2a3aa35aea451f26521865c537,,[],,,,UNLABELED_UNCLASSIFIED
,train,data/raw/gyu_det/v3/extracted/train/train/images/858.JPG,,0ab73d28cd3e3682a2bc1fe59b057d63fbb046fe8ac8086e06ada9ad391f7381,,[],,,,UNLABELED_UNCLASSIFIED
,train,data/raw/gyu_det/v3/extracted/train/train/images/88.JPG,,5ef0f983d62dfac390ab47b9d8ebd36f0b283e38011c2ee1c96ae5402ea9a425,,[],,,,UNLABELED_UNCLASSIFIED
,train,data/raw/gyu_det/v3/extracted/train/train/images/89.JPG,,b10dbc0acc3e2028828b38dcd3ffd540484839949bcad2ae2e3ab6a66120bbd6,,[],,,,UNLABELED_UNCLASSIFIED
,train,data/raw/gyu_det/v3/extracted/train/train/images/9.JPG,,7329d55c7889ca704679ac8b55b9a86e90c2b2f46e0af9b122669729e9dee956,,[],,,,UNLABELED_UNCLASSIFIED
,train,data/raw/gyu_det/v3/extracted/train/train/images/90.JPG,,abc89983f138ff9c44b8b9aac55e3969344926ac1a2348ab3f34ea4b95b93dd5,,[],,,,UNLABELED_UNCLASSIFIED
,train,data/raw/gyu_det/v3/extracted/train/train/images/9363.jpg,,902bcc0f624e0e41a8c7bf97aeb592cfa450092dab1658c159feae4f2c80f5f8,,[],,,,UNLABELED_UNCLASSIFIED
,train,data/raw/gyu_det/v3/extracted/train/train/images/9365.jpg,,39f934aa37dcd591a8fa4d6d11db07dfb10532f7c2871406e034cee75144cbd8,,[],,,,UNLABELED_UNCLASSIFIED
,train,data/raw/gyu_det/v3/extracted/train/train/images/9367.jpg,,6a0526b8b3a84f1b843e32922cf65f8489a8619084c0e8c7f6aaff7f1618d70f,,[],,,,UNLABELED_UNCLASSIFIED
,train,data/raw/gyu_det/v3/extracted/train/train/images/9381.jpg,,e7bbc6c5a70670eda1d164a031d4a359fd423796cd4183c7378da0874d9912d7,,[],,,,UNLABELED_UNCLASSIFIED
,train,data/raw/gyu_det/v3/extracted/train/train/images/9406.jpg,,bcddf56b6db04402b8483cb3366590bc549ad57d4001fb824963210b04e32d82,,[],,,,UNLABELED_UNCLASSIFIED
,train,data/raw/gyu_det/v3/extracted/train/train/images/9408.jpg,,6b47325ea623e9e1f9b27b2a641c8b3b1dc3d6b47bb1ceff131e374df57623a1,,[],,,,UNLABELED_UNCLASSIFIED
,train,data/raw/gyu_det/v3/extracted/train/train/images/9410.jpg,,504991579c4653f02b6db227d7ab642fac2c9e9041c2d32c1e4cb6274388701a,,[],,,,UNLABELED_UNCLASSIFIED
,train,data/raw/gyu_det/v3/extracted/train/train/images/9411.jpg,,a207b1b6bb22e5441f0b22dfc59a5dbe0fbc241fe528746492bc0c2538561c2f,,[],,,,UNLABELED_UNCLASSIFIED
,train,data/raw/gyu_det/v3/extracted/train/train/images/9417.jpg,,74772b50b2172d93c68c2931e90cc24688d85a496508ee5060b6b6cb5333dad4,,[],,,,UNLABELED_UNCLASSIFIED
,train,data/raw/gyu_det/v3/extracted/train/train/images/9430.jpg,,88372b53764a300ebcf5d94423269383af00a9a428fff06f750b04866601a23b,,[],,,,UNLABELED_UNCLASSIFIED
,train,data/raw/gyu_det/v3/extracted/train/train/images/9442.jpg,,37b834c032faa1c08e9c77928b14b563e9a3bb187cb56ace36fa22201ca7d292,,[],,,,UNLABELED_UNCLASSIFIED
,train,data/raw/gyu_det/v3/extracted/train/train/images/9457.jpg,,8391aec2c2fa8afea8838f6dd18ba1688b8ceca21b4ba82a2f459ffb62096939,,[],,,,UNLABELED_UNCLASSIFIED
,train,data/raw/gyu_det/v3/extracted/train/train/images/9496.jpg,,10b92f9f67b3575a8be9fc5de96a5f5f9d37bea0f744343a6eac4cfd809ed91c,,[],,,,UNLABELED_UNCLASSIFIED
,train,data/raw/gyu_det/v3/extracted/train/train/images/9502.jpg,,930840c6d800d93ce725719670b5ad9035f55cc83f572d860c8763e202477cc0,,[],,,,UNLABELED_UNCLASSIFIED
,train,data/raw/gyu_det/v3/extracted/train/train/images/9512.jpg,,d129a28fe5f9b7f0c496fd1e7f998eebc6eb7b206148deb924ba8424aa8af740,,[],,,,UNLABELED_UNCLASSIFIED
,train,data/raw/gyu_det/v3/extracted/train/train/images/9521.jpg,,bec4d2d0d4d722d0f6e7c5ad73d385b029bfbe9b0632640c4b4d45f27b3a70c6,,[],,,,UNLABELED_UNCLASSIFIED
,train,data/raw/gyu_det/v3/extracted/train/train/images/9522.jpg,,4bf13c9c77ebcb1a1cf54e969b05f04424fba8cedd1106127abc8ebacadad3ce,,[],,,,UNLABELED_UNCLASSIFIED
,train,data/raw/gyu_det/v3/extracted/train/train/images/9527.jpg,,bac4b9f05718c83f96e6197585a431419f7521aa57a1ae85426565a0e9a6bd14,,[],,,,UNLABELED_UNCLASSIFIED
,train,data/raw/gyu_det/v3/extracted/train/train/images/9541.jpg,,f4c884cd9f3ba10ee56d3f1aeb2acefbc829aefb20eeff333b3fa817741f6c53,,[],,,,UNLABELED_UNCLASSIFIED
,train,data/raw/gyu_det/v3/extracted/train/train/images/9543.jpg,,8c7eb1f98ad1289e697294394e15e15ab98338f50255890d118af446bdbf1aab,,[],,,,UNLABELED_UNCLASSIFIED
,train,data/raw/gyu_det/v3/extracted/train/train/images/9550.jpg,,e4470c71139231fef1e2f64505367e28c1b9d3d9061b0d57c78bf3eb15d11f3c,,[],,,,UNLABELED_UNCLASSIFIED
,train,data/raw/gyu_det/v3/extracted/train/train/images/9557.jpg,,474e391bf3677864e897bb42221ee824bce10d8c25220ab5d154afa2739cbd99,,[],,,,UNLABELED_UNCLASSIFIED
,train,data/raw/gyu_det/v3/extracted/train/train/images/9575.jpg,,c28a13636cbf093db332097da1de3c925518a1475e78342bb94364e918139bcf,,[],,,,UNLABELED_UNCLASSIFIED
,train,data/raw/gyu_det/v3/extracted/train/train/images/9586.jpg,,9160bcd5ead60f3ba91e72c9e45d592efdbb58a657ff7487b795fe617a71240b,,[],,,,UNLABELED_UNCLASSIFIED
,train,data/raw/gyu_det/v3/extracted/train/train/images/96.JPG,,387c4c4062b362486f7a6167aa645506b5d200317bdd32284b11d6e79afb29c3,,[],,,,UNLABELED_UNCLASSIFIED
,train,data/raw/gyu_det/v3/extracted/train/train/images/9612.jpg,,78fc5b2ccc543ac2a124004e7aa94c6839ee1006eafae009d810f5cd7c66484d,,[],,,,UNLABELED_UNCLASSIFIED
,train,data/raw/gyu_det/v3/extracted/train/train/images/9613.jpg,,58023d4ff948b870c19d3bb23a1ebe00204c5f9ec0c071ad51e78edc0e19f664,,[],,,,UNLABELED_UNCLASSIFIED
,train,data/raw/gyu_det/v3/extracted/train/train/images/9620.jpg,,49e82aacc46aa8e73d3a39cd9861f6c8935663d8d1627e0c43101a48b017e249,,[],,,,UNLABELED_UNCLASSIFIED
,train,data/raw/gyu_det/v3/extracted/train/train/images/9622.jpg,,c5c1c19226e8233d5462b70e20294bda71dae17965888ee9d881c1d45671d95c,,[],,,,UNLABELED_UNCLASSIFIED
,train,data/raw/gyu_det/v3/extracted/train/train/images/9634.jpg,,50d5341c699ffbd4d2cbc49cf103ca213dd16b42b5fd4f845c63f387207f0b0c,,[],,,,UNLABELED_UNCLASSIFIED
,train,data/raw/gyu_det/v3/extracted/train/train/images/9639.jpg,,aeeb9144fca0962e9a9fc2324906f5b9cb515de025ac8f465e8038ad68b9548f,,[],,,,UNLABELED_UNCLASSIFIED
,train,data/raw/gyu_det/v3/extracted/train/train/images/9640.jpg,,0816b3450e87eb778ade8c44e99cf4366288b5f9a551b7ff9e6b96295dd33bab,,[],,,,UNLABELED_UNCLASSIFIED
,train,data/raw/gyu_det/v3/extracted/train/train/images/9668.jpg,,6baa3c431186a6d7097a2e0337e82b477850cdb35275d9c1cd74bf0694649f7e,,[],,,,UNLABELED_UNCLASSIFIED
,train,data/raw/gyu_det/v3/extracted/train/train/images/9669.jpg,,e87be0c5e19067e73ada5161089e65378d99970d09d54a5ffebfd57ce04bc3e4,,[],,,,UNLABELED_UNCLASSIFIED
,train,data/raw/gyu_det/v3/extracted/train/train/images/9676.jpg,,20beb0a6b52fa5a97718f658db36b15cb13fa9e875230f870588ba40b022ab2d,,[],,,,UNLABELED_UNCLASSIFIED
,train,data/raw/gyu_det/v3/extracted/train/train/images/9697.jpg,,b5d6a83db62b1469a9ae558118e75d280f3bf0a5441624b9f4792664076c8857,,[],,,,UNLABELED_UNCLASSIFIED
,train,data/raw/gyu_det/v3/extracted/train/train/images/9726.jpg,,562f64db0f74ad30eb9cb25b0471a1b9388c2f16af3296e915a6d64fcab2c859,,[],,,,UNLABELED_UNCLASSIFIED
,train,data/raw/gyu_det/v3/extracted/train/train/images/9727.jpg,,f9cd32f70b9b0a6eed84e7735a40f1074e87d48811f0ac8e230fb78ee758af9f,,[],,,,UNLABELED_UNCLASSIFIED
,train,data/raw/gyu_det/v3/extracted/train/train/images/9744.jpg,,116b33bcc0d00e386076aa4055514b607f541eff8b506a62233130096b3d7928,,[],,,,UNLABELED_UNCLASSIFIED
,train,data/raw/gyu_det/v3/extracted/train/train/images/9746.jpg,,c44feedb47be5bff3895a897c7d57243e06c5cd707466189281feef6c0d14318,,[],,,,UNLABELED_UNCLASSIFIED
,train,data/raw/gyu_det/v3/extracted/train/train/images/9757.jpg,,b02439c8c478df5218456ae8a3046e4b35ea8a739653c189542dedf5dda767bf,,[],,,,UNLABELED_UNCLASSIFIED
,train,data/raw/gyu_det/v3/extracted/train/train/images/9762.jpg,,a8ff321b0ba39fefe4b3bb692733ef0e1b2314fc1156b2c77ee49fe353507650,,[],,,,UNLABELED_UNCLASSIFIED
,train,data/raw/gyu_det/v3/extracted/train/train/images/9764.jpg,,797516cfc98c0ac010870b7094c3ae6a66f02468cc6432fbbe8ba80040d8236e,,[],,,,UNLABELED_UNCLASSIFIED
,train,data/raw/gyu_det/v3/extracted/train/train/images/9768.jpg,,3be712c91d2580e084db6426e7dfcdbb17286d488f4b71043e7804185cedf457,,[],,,,UNLABELED_UNCLASSIFIED
,train,data/raw/gyu_det/v3/extracted/train/train/images/9779.jpg,,7231ad6e3d1b27d4a40b8c2121ff649c8d1ddc765982324a124c9eac42796615,,[],,,,UNLABELED_UNCLASSIFIED
,train,data/raw/gyu_det/v3/extracted/train/train/images/9786.jpg,,9bedfdf13168d491a4dd26f7a3b35216fa7e1af78a069b3d2f7854304c8cc5f9,,[],,,,UNLABELED_UNCLASSIFIED
,train,data/raw/gyu_det/v3/extracted/train/train/images/9792.jpg,,ad6e029dc3cf4aad7aaee8f09ab055a7ca0dbc2fd22a39abe4b65b8d2b552a77,,[],,,,UNLABELED_UNCLASSIFIED
,train,data/raw/gyu_det/v3/extracted/train/train/images/9794.jpg,,306dccf7056ff0d2455b90b14b1dac51c2a845425cb8320f0f3379624ed056a3,,[],,,,UNLABELED_UNCLASSIFIED
,train,data/raw/gyu_det/v3/extracted/train/train/images/9797.jpg,,65e0ec233322227d1519c4accb242778a90a309a9900e6e14dad9a3ef809d74c,,[],,,,UNLABELED_UNCLASSIFIED
,train,data/raw/gyu_det/v3/extracted/train/train/images/98.JPG,,5d6f017ce85ab0869008470b210398b9ceb2c11e7e4e566794e79015c79ec917,,[],,,,UNLABELED_UNCLASSIFIED
,train,data/raw/gyu_det/v3/extracted/train/train/images/9824.jpg,,14d877cc2bace2ee8d08723f566de660b9ed4413e6a871a6645919ae5885e127,,[],,,,UNLABELED_UNCLASSIFIED
,train,data/raw/gyu_det/v3/extracted/train/train/images/9838.jpg,data/raw/gyu_det/v3/extracted/train/train/labels/9838.txt,d7a0281a7bb013cdfc4885b66b5d33f96e689f94a23f89e436fa77f0c2252189,7,"[1, 2, 4]",EXACT_5,LG_2d4a548f2ade8b2d,,EQUIVALENT_EXACT_DUPLICATE_REDUNDANT
,train,data/raw/gyu_det/v3/extracted/train/train/images/9850.jpg,,e6283e8267280381ce579ca5a41a7139bb23f85681138b680815e688a6cfa45f,,[],,,,UNLABELED_UNCLASSIFIED
,train,data/raw/gyu_det/v3/extracted/train/train/images/9852.jpg,,c401cc4b47ec0099f83c96af3f257ce5fa2be881f7cb7598d6208be5fef56b41,,[],,,,UNLABELED_UNCLASSIFIED
,train,data/raw/gyu_det/v3/extracted/train/train/images/9876.jpg,,5e3f1df5a8317526e98b8bcaee16d0bc60d497d967f70d163d5cc541d8547e15,,[],,,,UNLABELED_UNCLASSIFIED
,train,data/raw/gyu_det/v3/extracted/train/train/images/9879.jpg,,c1b5826c917d79a3d53ee335be57770c16bf1aa0111c061682daf51a2076b145,,[],,,,UNLABELED_UNCLASSIFIED
,train,data/raw/gyu_det/v3/extracted/train/train/images/9887.jpg,,87ee59f1ec2a22b2b09db95c8add4687423a314088e6056184e67e650b6a241d,,[],,,,UNLABELED_UNCLASSIFIED
,train,data/raw/gyu_det/v3/extracted/train/train/images/9896.jpg,,9eb7f38953f032c645e3c1300603f5f76a4768b0fad462ca4bc1e1aaad8933a0,,[],,,,UNLABELED_UNCLASSIFIED
,train,data/raw/gyu_det/v3/extracted/train/train/images/9910.jpg,,119a0dd3f10df5ccd859a8bce41911e2072943917d81c929f003255fca5ae32c,,[],,,,UNLABELED_UNCLASSIFIED
,train,data/raw/gyu_det/v3/extracted/train/train/images/9911.jpg,,73a926ba1b7f12d1991820b81b6ee1a5e98b9fc2bdcce3df910af66c112dc889,,[],,,,UNLABELED_UNCLASSIFIED
,train,data/raw/gyu_det/v3/extracted/train/train/images/9914.jpg,,33ca2c9ca9f311ec28f21b8b2494a495c9efc1e2bd526ffd9d4b6eea2df92102,,[],,,,UNLABELED_UNCLASSIFIED
,train,data/raw/gyu_det/v3/extracted/train/train/images/9924.jpg,,4e0c7a38bea2fac7fb1695cac62dd5a1bff8736c41a2dd042928bff80f350a49,,[],,,,UNLABELED_UNCLASSIFIED
,train,data/raw/gyu_det/v3/extracted/train/train/images/9929.jpg,,42bdb5bf2036755678035792a08b41b83134d5c0910ce852966ed18cadecdd55,,[],,,,UNLABELED_UNCLASSIFIED
,train,data/raw/gyu_det/v3/extracted/train/train/images/9930.jpg,,ab898721abfbda9c5e68f20673669f7e2feff407d7d47055bac2e8d351891c2c,,[],,,,UNLABELED_UNCLASSIFIED
,train,data/raw/gyu_det/v3/extracted/train/train/images/9931.jpg,,0d955db3a08314733fc8e7dd8115c7fe1bd47ec5d67c628d04f780757763969c,,[],,,,UNLABELED_UNCLASSIFIED
,train,data/raw/gyu_det/v3/extracted/train/train/images/9932.jpg,,28535a8c9fc38f02c0267e6911566f8947b23e84ef5ed33f3f8206e2f56b579f,,[],,,,UNLABELED_UNCLASSIFIED
,train,data/raw/gyu_det/v3/extracted/train/train/images/9935.jpg,,687e182db55d9c601ae94e1c129312f36d87fb61e5064551cefd5667a368c0fb,,[],,,,UNLABELED_UNCLASSIFIED
,train,data/raw/gyu_det/v3/extracted/train/train/images/9937.jpg,,756566f8d16f8dd89fb6bb083d7996d3170b994b5a4d56978c719e1c89956778,,[],,,,UNLABELED_UNCLASSIFIED
,train,data/raw/gyu_det/v3/extracted/train/train/images/9943.jpg,,3e52ebf061852580febd4eddf6d89bcb1ea7303f316af1d572dce67d6500ab95,,[],,,,UNLABELED_UNCLASSIFIED
,train,data/raw/gyu_det/v3/extracted/train/train/images/9951.jpg,,c6af02ae12a8d66368aef249fb37110a66b77797c4380967e6d43ef5b7a8679d,,[],,,,UNLABELED_UNCLASSIFIED
,train,data/raw/gyu_det/v3/extracted/train/train/images/9954.jpg,,77dd6ff24d60af9aa8ee5d4cd83453ad78fdb9ccad118f8b545e7c09e350c43e,,[],,,,UNLABELED_UNCLASSIFIED
,train,data/raw/gyu_det/v3/extracted/train/train/images/9961.jpg,,66b5bcb345364b12c8a1715e3a697b77addb3115c0637ff3d7bcb9ca65099da4,,[],,,,UNLABELED_UNCLASSIFIED
,train,data/raw/gyu_det/v3/extracted/train/train/images/9976.jpg,,7226b66db34b18497f5750eb44944ebb19fb98a0b51a2fd198c61dbbc3ca06fb,,[],,,,UNLABELED_UNCLASSIFIED
,valid,data/raw/gyu_det/v3/extracted/valid/valid/images/11985.jpg,,f82c5ff19990ca7f14c4b22f610a3311783ec7350dcc110f4108f1171a6df456,,[],,LG_e514bdd1aebea932,,UNLABELED_UNCLASSIFIED
,valid,data/raw/gyu_det/v3/extracted/valid/valid/images/12006.jpg,,045ebc00e0011ffa68c4907e38095611995ebc92b1d68015597eebe9c63925a1,,[],,,,UNLABELED_UNCLASSIFIED
,valid,data/raw/gyu_det/v3/extracted/valid/valid/images/12015.jpg,,ae57578886d5433b0fc871f39b9b1e2a38fb8b93f97af05e127406d79a9eca30,,[],,,,UNLABELED_UNCLASSIFIED
,valid,data/raw/gyu_det/v3/extracted/valid/valid/images/12032.jpg,,de5e1cee5abf1999420470ec19fdf663dc9ae5e5a4f0c8256dcf106bf49c02e9,,[],,,,UNLABELED_UNCLASSIFIED
,valid,data/raw/gyu_det/v3/extracted/valid/valid/images/12074.jpg,,65cb1c1a6d79463eda7e0eba8d1a6b7324a4e0c317697a126028ad0a527eb984,,[],,,,UNLABELED_UNCLASSIFIED
,valid,data/raw/gyu_det/v3/extracted/valid/valid/images/12077.jpg,,d38a9fca2f3f6c7ea9f84fcb314b5266f128144108fa830d530e1d752ac2fb1a,,[],,,,UNLABELED_UNCLASSIFIED
,valid,data/raw/gyu_det/v3/extracted/valid/valid/images/12092.jpg,,f9c4600a86cf2a54cc2efd135a04bb1f47916cace4ba7321c7b70c7193e57ff3,,[],,,,UNLABELED_UNCLASSIFIED
,valid,data/raw/gyu_det/v3/extracted/valid/valid/images/12102.jpg,,ebd1a0daff7e4a18c4f804adfd66a29fcad3252b48c27532b58ebbea6e81560a,,[],,,,UNLABELED_UNCLASSIFIED
,valid,data/raw/gyu_det/v3/extracted/valid/valid/images/12109.jpg,,d1748910cfa08c020ca3190fe233b264dffc6a8e44c13122b110ee41562b8bbe,,[],,,,UNLABELED_UNCLASSIFIED
,valid,data/raw/gyu_det/v3/extracted/valid/valid/images/12111.jpg,,fc02af4130f549c7f299f6fbd8a0bcb05f8c96ad3a56a5382d99e4af934a3b21,,[],,,,UNLABELED_UNCLASSIFIED
,valid,data/raw/gyu_det/v3/extracted/valid/valid/images/12119.jpg,,6cd96d889101c7c51a956149623ceb8dc8ed2214814d68d4158486a5e88b87f5,,[],,,,UNLABELED_UNCLASSIFIED
,valid,data/raw/gyu_det/v3/extracted/valid/valid/images/12123.jpg,,6081b9b34ad6aaf66511f99f679131015f700537a5ba4ea1a4a412bfc6793f15,,[],,,,UNLABELED_UNCLASSIFIED
,valid,data/raw/gyu_det/v3/extracted/valid/valid/images/12128.jpg,,b49bcdc5348fe0be9166ddeaf1c31edff2e72a100a7cf6316c88ed3dc24fb406,,[],,,,UNLABELED_UNCLASSIFIED
,valid,data/raw/gyu_det/v3/extracted/valid/valid/images/12141.jpg,,05b9c7f1672fad11eb5a3ff9dd7a2446d321e46747f1809f039d3a334f718d98,,[],,,,UNLABELED_UNCLASSIFIED
,valid,data/raw/gyu_det/v3/extracted/valid/valid/images/12158.jpg,,3c4ba588df1cf5f0e734143df166b8523885c57d08af037faabd2d8300dad2c4,,[],,,,UNLABELED_UNCLASSIFIED
,valid,data/raw/gyu_det/v3/extracted/valid/valid/images/12167.jpg,,0cfd04be51cc4d36946082129de8cc1afffe9af67abf7d8cb8580c5d8ec8f9b0,,[],,,,UNLABELED_UNCLASSIFIED
,valid,data/raw/gyu_det/v3/extracted/valid/valid/images/12172.jpg,,850205fee8ca952bf32a18d8a4339509afd100dcb99e851e85e3a92d2356913c,,[],,,,UNLABELED_UNCLASSIFIED
,valid,data/raw/gyu_det/v3/extracted/valid/valid/images/12182.jpg,,5b6b2d3689bdb721e66faf4caf72c8352c94d5bf4f91a37d448b774501720650,,[],,,,UNLABELED_UNCLASSIFIED
,valid,data/raw/gyu_det/v3/extracted/valid/valid/images/12188.jpg,,7c67cf7aa317de03c48db1ddb39faa96a7fb6a7af8e3a5a3a09a05057117392b,,[],,,,UNLABELED_UNCLASSIFIED
,valid,data/raw/gyu_det/v3/extracted/valid/valid/images/12201.jpg,,4f93b7aeedbd0c35ca1ca9131053b214b454ab51bb9ab3a29ec511a8ae404b2f,,[],,,,UNLABELED_UNCLASSIFIED
,valid,data/raw/gyu_det/v3/extracted/valid/valid/images/12232.jpg,,252b551f44956915ddf94acd2c6e83156793838719c11d398016c33ed155f1d3,,[],,,,UNLABELED_UNCLASSIFIED
,valid,data/raw/gyu_det/v3/extracted/valid/valid/images/12243.jpg,,83e3097b122d7ce5191660775e4301a9e19b82b2b2805917d73d37c60838ef75,,[],,,,UNLABELED_UNCLASSIFIED
,valid,data/raw/gyu_det/v3/extracted/valid/valid/images/12263.jpg,,37e1255fe372c9f395aae92a6d30417a354f470684b64dfdb62b565a16e4e6e9,,[],,,,UNLABELED_UNCLASSIFIED
,valid,data/raw/gyu_det/v3/extracted/valid/valid/images/12265.jpg,,19522a4dbfa24514aafa787c5c6985049003571f742dfeff64312c378b60755a,,[],,,,UNLABELED_UNCLASSIFIED
,valid,data/raw/gyu_det/v3/extracted/valid/valid/images/12284.jpg,,728dae483b0cb9b1f6721c21a0e3f213df91b67918b869ec5c976a04ce3a92c3,,[],,,,UNLABELED_UNCLASSIFIED
,valid,data/raw/gyu_det/v3/extracted/valid/valid/images/12295.jpg,,4713717a1e1ad601792d271d2e271529dac69cac9fc3b1a4636d79168f456ef3,,[],,,,UNLABELED_UNCLASSIFIED
,valid,data/raw/gyu_det/v3/extracted/valid/valid/images/12296.jpg,,213d02c16921c12993e6d97cb00b712a380f8e20a10035c2506e17cff9d0f938,,[],,,,UNLABELED_UNCLASSIFIED
,valid,data/raw/gyu_det/v3/extracted/valid/valid/images/12306.jpg,,30069cbffc3ea92a6de5a1e4049a526833f4a5efcfade4af34c6386b923c3f22,,[],,,,UNLABELED_UNCLASSIFIED
,valid,data/raw/gyu_det/v3/extracted/valid/valid/images/12312.jpg,,21902321fd613898d4917af7dc25cbf1d829f493ede753c34a6c662c90ce8762,,[],,,,UNLABELED_UNCLASSIFIED
,valid,data/raw/gyu_det/v3/extracted/valid/valid/images/8579.JPG,,6ee0c2150f8c3ceeba75af0c7c40ce6d35353aa77c490eeb112fb22e17ab3c97,,[],,,,UNLABELED_UNCLASSIFIED
,valid,data/raw/gyu_det/v3/extracted/valid/valid/images/8580.JPG,,ce2ee583464c2cafadc06a923d93336e3cace4ae82885f27aca47ef568b28c76,,[],,,,UNLABELED_UNCLASSIFIED
,valid,data/raw/gyu_det/v3/extracted/valid/valid/images/8672.JPG,,d9a66b54e81e8a8a7422798b4452454f02003e4a80e90445673a30806afb935e,,[],,,,UNLABELED_UNCLASSIFIED
,valid,data/raw/gyu_det/v3/extracted/valid/valid/images/8683.JPG,,d8a4fdcaa87269874d55d7c1ebe72935384007216801c96c960ff1b97bb566a2,,[],,,,UNLABELED_UNCLASSIFIED
,valid,data/raw/gyu_det/v3/extracted/valid/valid/images/8721.JPG,,742ca38b7af7caf6c8dc6e661f31d2979d23e7ef1080a4ec07d6c71a9cec46a5,,[],,,,UNLABELED_UNCLASSIFIED
,valid,data/raw/gyu_det/v3/extracted/valid/valid/images/8724.JPG,,8f2287ad0dd876bb9dc5eae4fe4e80912db1d0ba17abc69fcd07e373e92dd1cb,,[],,,,UNLABELED_UNCLASSIFIED
,valid,data/raw/gyu_det/v3/extracted/valid/valid/images/8768.JPG,,fae5d597adb66d47747fffb1f8ce2dfccbf206a0f8ce5ec0bad841f6b0b581a2,,[],,,,UNLABELED_UNCLASSIFIED
,valid,data/raw/gyu_det/v3/extracted/valid/valid/images/8781.JPG,,b3066a0c1c83d23f7b7bd43ee1d18f7d999cc01eb5f7876661041047d07dfa70,,[],,,,UNLABELED_UNCLASSIFIED
,valid,data/raw/gyu_det/v3/extracted/valid/valid/images/8801.JPG,,6b09fa6a0ce683108c34362df70804033521c16e672123b9e3add1980a4d4705,,[],,,,UNLABELED_UNCLASSIFIED
,valid,data/raw/gyu_det/v3/extracted/valid/valid/images/8882.JPG,,135ddcf47192170a5076dde143fdfc2c23a644675a3125f92f766420cce32c3b,,[],,,,UNLABELED_UNCLASSIFIED
,valid,data/raw/gyu_det/v3/extracted/valid/valid/images/8884.JPG,,0b63bdb242cb60bec2b4179cc48b7f32c21264658b3fededbc15767bf30fbdac,,[],,,,UNLABELED_UNCLASSIFIED
,valid,data/raw/gyu_det/v3/extracted/valid/valid/images/8900.png,,63487d018e206314067ca9dff77650ba02611751ee9b2bdc998a2227e404e882,,[],,,,UNLABELED_UNCLASSIFIED
,valid,data/raw/gyu_det/v3/extracted/valid/valid/images/8907.JPG,,93adcfd6981594811887eda33dc6db0d9b5ca7d0e2828e3812ca9696b577e345,,[],,,,UNLABELED_UNCLASSIFIED
,valid,data/raw/gyu_det/v3/extracted/valid/valid/images/8947.JPG,,6dc57516bd4ca68e2fb02db69715aeb08918d74f740d63ba6b482dde983c390b,,[],,,,UNLABELED_UNCLASSIFIED
,valid,data/raw/gyu_det/v3/extracted/valid/valid/images/8990.JPG,,ed1e6dd77bd9c5bb76a9bc413b159db51ee95fe08875f2ae6b9c47f1b05e293b,,[],,,,UNLABELED_UNCLASSIFIED
,valid,data/raw/gyu_det/v3/extracted/valid/valid/images/8996.JPG,,895773ff32918dddcaeeca7ea993df33b57dd3ed6bd11d10be42c6f2d7d4755b,,[],,,,UNLABELED_UNCLASSIFIED
,valid,data/raw/gyu_det/v3/extracted/valid/valid/images/8997.JPG,,1ea5a1303b38e95b76be959794c2b931a2ed30f1fab73cfbb117ab651a86e988,,[],,,,UNLABELED_UNCLASSIFIED
,valid,data/raw/gyu_det/v3/extracted/valid/valid/images/9049.JPG,,e233a1f696226356fa0839098b07be9abe036ab3c7b0f4308214afbe252d5d78,,[],,,,UNLABELED_UNCLASSIFIED
,valid,data/raw/gyu_det/v3/extracted/valid/valid/images/9088.JPG,,7c242b66e731c4efce7a09bee108449ec77a4c704e0df37fe825c3d284832857,,[],,,,UNLABELED_UNCLASSIFIED
,valid,data/raw/gyu_det/v3/extracted/valid/valid/images/9089.JPG,,a511da58273f84c70ae8078341d127dafdc62ed5cc484811dccc990c691161e4,,[],,,,UNLABELED_UNCLASSIFIED
,valid,data/raw/gyu_det/v3/extracted/valid/valid/images/9091.JPG,,9ac6f0f8c75b6f9fbc7a05371efee12725a6b61ef5208d36158583cb79b7f9aa,,[],,,,UNLABELED_UNCLASSIFIED
,valid,data/raw/gyu_det/v3/extracted/valid/valid/images/9120.JPG,,8872a94f3d578237e8a2db92436d28f72913100e86f1f3fc0097db2b4b46bf8c,,[],,,,UNLABELED_UNCLASSIFIED
,valid,data/raw/gyu_det/v3/extracted/valid/valid/images/9154.JPG,,9a8fa884e20496141e38ee0fb39e98ab9bfa27cc005eb01ab8bc3b5657da1404,,[],,,,UNLABELED_UNCLASSIFIED
,valid,data/raw/gyu_det/v3/extracted/valid/valid/images/9167.jpg,,d924c006284d5362f57e1cc27e13e60fcddaa6ba2ee173a84e0409a205a12686,,[],,,,UNLABELED_UNCLASSIFIED
,valid,data/raw/gyu_det/v3/extracted/valid/valid/images/9172.jpg,,f7678d76b7d7107be43d577f79aef652b91af4c786ab3baae85c9ca56f872e15,,[],,,,UNLABELED_UNCLASSIFIED
,valid,data/raw/gyu_det/v3/extracted/valid/valid/images/9175.jpg,,0d9202897e555a69fc36ad1f1393a2ba59f3c936bd23a234e11db0311e95a3dc,,[],,,,UNLABELED_UNCLASSIFIED
,valid,data/raw/gyu_det/v3/extracted/valid/valid/images/9180.jpg,,397e4592af7951a695365687dcb0a7991fcc09e2eddf3d63d719fc30cd66ec26,,[],,,,UNLABELED_UNCLASSIFIED
,valid,data/raw/gyu_det/v3/extracted/valid/valid/images/9182.jpg,,2f0bda038279d77ace1f96129d97bfaa2ded31ce6d54f656f67b82341081a769,,[],,,,UNLABELED_UNCLASSIFIED
,valid,data/raw/gyu_det/v3/extracted/valid/valid/images/9219.jpg,data/raw/gyu_det/v3/extracted/valid/valid/labels/9219.txt,f3c8e110448654a6e7c7fdbb4108f06ce69f3003a7bbada022bc6d84d5a0e1c2,8,"[1, 4]",EXACT_7,LG_d894cee24cf6aab9,,APPROVED_BASELINE_V1_CONFLICT_GROUP_EXCLUSION
,valid,data/raw/gyu_det/v3/extracted/valid/valid/images/9220.jpg,data/raw/gyu_det/v3/extracted/valid/valid/labels/9220.txt,f3c8e110448654a6e7c7fdbb4108f06ce69f3003a7bbada022bc6d84d5a0e1c2,6,"[1, 4]",EXACT_7,LG_d894cee24cf6aab9,,APPROVED_BASELINE_V1_CONFLICT_GROUP_EXCLUSION
,valid,data/raw/gyu_det/v3/extracted/valid/valid/images/9221.jpg,,d8bf13572997b7a43df6a4a39ba1f1984a17a19ddd55279a5f361734a8e6b360,,[],,,,UNLABELED_UNCLASSIFIED
,valid,data/raw/gyu_det/v3/extracted/valid/valid/images/9228.jpg,data/raw/gyu_det/v3/extracted/valid/valid/labels/9228.txt,8f6ed2eb5d35f0abd77a08ff744defcab75c1820a28d8d575d7c136650b928ed,4,"[1, 3]",EXACT_3,LG_f29da8f8d0d4f67c,,APPROVED_BASELINE_V1_CONFLICT_GROUP_EXCLUSION
,valid,data/raw/gyu_det/v3/extracted/valid/valid/images/9229.jpg,data/raw/gyu_det/v3/extracted/valid/valid/labels/9229.txt,8f6ed2eb5d35f0abd77a08ff744defcab75c1820a28d8d575d7c136650b928ed,4,"[1, 3]",EXACT_3,LG_f29da8f8d0d4f67c,,APPROVED_BASELINE_V1_CONFLICT_GROUP_EXCLUSION
,valid,data/raw/gyu_det/v3/extracted/valid/valid/images/9249.jpg,,6d1025ff85d678e3bada74fe5d16fbe97b5b8cbc8f715e99dcb013ecfdf82858,,[],,,,UNLABELED_UNCLASSIFIED
,valid,data/raw/gyu_det/v3/extracted/valid/valid/images/9251.jpg,,9382c6283b4cfb644cdf4066d654439bb5991a874816799365eddf0ed4c44454,,[],,,,UNLABELED_UNCLASSIFIED
,valid,data/raw/gyu_det/v3/extracted/valid/valid/images/9252.jpg,,5a254aa66d057716e47d070e27e99a34a5532ae5f9f6f464e50eb12fee43c617,,[],,,,UNLABELED_UNCLASSIFIED
,valid,data/raw/gyu_det/v3/extracted/valid/valid/images/9273.JPG,,7b330d92edbf394539e55e0b8a2a826225408a4910f74cf4efbfc033be0180a5,,[],,,,UNLABELED_UNCLASSIFIED
,valid,data/raw/gyu_det/v3/extracted/valid/valid/images/9274.JPG,,f4d97aa1d6e16f1be9942cae333e4edb86ae2f08f1796a37144afba4186fb7a6,,[],,,,UNLABELED_UNCLASSIFIED
,valid,data/raw/gyu_det/v3/extracted/valid/valid/images/9291.JPG,,d8867cf5fa77a1bd8e86ffb6e84f79c7415bcd41cc3c758ae109c69abf06dcc8,,[],,,,UNLABELED_UNCLASSIFIED
,valid,data/raw/gyu_det/v3/extracted/valid/valid/images/9310.JPG,,0526b842ab16ed8eb1eb150730b3768d8da5bfed829eff12dc3821208fe7f928,,[],,,,UNLABELED_UNCLASSIFIED
,valid,data/raw/gyu_det/v3/extracted/valid/valid/images/9336.JPG,,f15dc4da513349da8b8c3050e0ea450473f8ac706becbdda4b2c287e12253b79,,[],,,,UNLABELED_UNCLASSIFIED
,valid,data/raw/gyu_det/v3/extracted/valid/valid/images/9337.JPG,,ca248d3f068fec40794a7b122c01ff48b2a5c9acaea2402b2b6dc13b4e95ddfe,,[],,,,UNLABELED_UNCLASSIFIED
,valid,data/raw/gyu_det/v3/extracted/valid/valid/images/9339.JPG,,df9ff143a9f8078e725bbc2e0f5a69d16ca301833927e1886fe7d03672950c59,,[],,,,UNLABELED_UNCLASSIFIED
